-- phpMyAdmin SQL Dump
-- version 4.6.5.2
-- https://www.phpmyadmin.net/
--
-- Host: 127.0.0.1
-- Generation Time: Apr 13, 2017 at 02:59 AM
-- Server version: 10.1.21-MariaDB
-- PHP Version: 5.6.30

SET SQL_MODE = "NO_AUTO_VALUE_ON_ZERO";
SET time_zone = "+00:00";


/*!40101 SET @OLD_CHARACTER_SET_CLIENT=@@CHARACTER_SET_CLIENT */;
/*!40101 SET @OLD_CHARACTER_SET_RESULTS=@@CHARACTER_SET_RESULTS */;
/*!40101 SET @OLD_COLLATION_CONNECTION=@@COLLATION_CONNECTION */;
/*!40101 SET NAMES utf8mb4 */;

--
-- Database: `pharm_genius`
--
CREATE DATABASE IF NOT EXISTS `pharm_genius` DEFAULT CHARACTER SET latin1 COLLATE latin1_swedish_ci;
USE `pharm_genius`;

DELIMITER $$
--
-- Procedures
--
DROP PROCEDURE IF EXISTS `sp_createCategoryAndQuiz`$$
CREATE DEFINER=`root`@`localhost` PROCEDURE `sp_createCategoryAndQuiz` (IN `p_username` VARCHAR(20), IN `p_categoryName` VARCHAR(50), IN `p_quizName` VARCHAR(50))  MODIFIES SQL DATA
    SQL SECURITY INVOKER
BEGIN
  DECLARE newCatId INT(10);
  INSERT INTO category
  	(category_name, verified_flag, active_flag, created_by, last_updated_by)
  VALUES
  	(p_categoryName, 'N', 'Y', p_userName, p_username);
  COMMIT;
  SELECT category_id INTO newCatId
  FROM category
  where category_name = p_categoryName;
  INSERT INTO quiz
    (category_id, quiz_name, active_flag, removed_flag, created_by, last_updated_by)
  VALUES
    (newCatId, p_quizName, 'Y', 'N', p_username, p_username);
  COMMIT;
  
END$$

DROP PROCEDURE IF EXISTS `sp_createQuestion`$$
CREATE DEFINER=`root`@`localhost` PROCEDURE `sp_createQuestion` (IN `p_username` VARCHAR(20), IN `p_questionText` VARCHAR(500), IN `p_quizId` INT(10), IN `p_correctAnswer` VARCHAR(256), IN `p_answer1` VARCHAR(256), IN `p_answer2` VARCHAR(256), IN `p_answer3` VARCHAR(256), IN `p_answer4` VARCHAR(256), IN `p_explanation` VARCHAR(500))  MODIFIES SQL DATA
    SQL SECURITY INVOKER
BEGIN
  DECLARE newQuestionId INT(10);
  INSERT INTO question
    (question_text, quiz_id, score, times_correctly_answered, times_answered, explanation, verified_flag, active_flag, removed_flag, removed_date, created_by, last_updated_by)
  VALUES
  	(p_questionText, p_quizId, 100, 0, 0, p_explanation, 'N', 'Y', 'N', null, p_username, p_username);
  COMMIT;
    
  SELECT max(question_id) INTO newQuestionId
  FROM question;
    
  INSERT INTO answer
    (question_id, answer_text, correct_flag, times_chosen, last_updated_by)
  VALUES
    (newQuestionId, p_answer1, CASE WHEN p_correctAnswer = p_answer1 THEN 'Y' ELSE 'N' END, 0, p_username);
    INSERT INTO answer
    (question_id, answer_text, correct_flag, times_chosen, last_updated_by)
  VALUES
    (newQuestionId, p_answer2, CASE WHEN p_correctAnswer = p_answer2 THEN 'Y' ELSE 'N' END, 0, p_username);
    INSERT INTO answer
    (question_id, answer_text, correct_flag, times_chosen, last_updated_by)
  VALUES
    (newQuestionId, p_answer3, CASE WHEN p_correctAnswer = p_answer3 THEN 'Y' ELSE 'N' END, 0, p_username);
    INSERT INTO answer
    (question_id, answer_text, correct_flag, times_chosen, last_updated_by)
  VALUES
    (newQuestionId, p_answer4, CASE WHEN p_correctAnswer = p_answer4 THEN 'Y' ELSE 'N' END, 0, p_username);
  
END$$

DROP PROCEDURE IF EXISTS `sp_createUserAccount`$$
CREATE DEFINER=`root`@`localhost` PROCEDURE `sp_createUserAccount` (IN `p_username` VARCHAR(20), IN `p_password` VARCHAR(60), IN `p_name` VARCHAR(20), IN `p_year` VARCHAR(10), IN `p_employer` VARCHAR(50), IN `p_bio` VARCHAR(256), IN `p_interests` VARCHAR(500), IN `p_emailAddress` VARCHAR(256))  MODIFIES SQL DATA
    SQL SECURITY INVOKER
BEGIN
  INSERT INTO user
  	(username, password, email_address, score, admin_flag, owner_flag, active_flag)
  VALUES
    (p_username, p_password, p_emailAddress, 0, 'N', 'N', 'Y');
  COMMIT;
  
  INSERT INTO user_profile
    (username, full_name, year, employer, bio, interests, last_updated_by)
  VALUES
    (p_username, p_name, p_year, p_employer, p_bio, p_interests, p_username);
  COMMIT;
END$$

DROP PROCEDURE IF EXISTS `sp_resetUserScore`$$
CREATE DEFINER=`root`@`localhost` PROCEDURE `sp_resetUserScore` (IN `p_username` VARCHAR(20))  MODIFIES SQL DATA
    SQL SECURITY INVOKER
BEGIN
  DELETE FROM answer_log
  WHERE username = p_username;
  
  UPDATE user
  SET score = 0
  WHERE username = p_username;
END$$

--
-- Functions
--
DROP FUNCTION IF EXISTS `sp_getScoreForUser`$$
CREATE DEFINER=`root`@`localhost` FUNCTION `sp_getScoreForUser` (`username` VARCHAR(20)) RETURNS INT(10) UNSIGNED READS SQL DATA
    SQL SECURITY INVOKER
BEGIN
DECLARE score INT(10);
SELECT SUM(q.score) INTO score
FROM question q
JOIN questions_correctly_answered qca on qca.question_id = q.question_id
WHERE qca.username=username;
RETURN score;
END$$

DELIMITER ;

-- --------------------------------------------------------

--
-- Table structure for table `admin_email_addresses`
--

DROP TABLE IF EXISTS `admin_email_addresses`;
CREATE TABLE `admin_email_addresses` (
  `email_type` varchar(20) NOT NULL,
  `email_address` varchar(256) NOT NULL
) ENGINE=InnoDB DEFAULT CHARSET=latin1;

--
-- Dumping data for table `admin_email_addresses`
--

INSERT INTO `admin_email_addresses` (`email_type`, `email_address`) VALUES
('new_user', 'mjbowen84@gmail.com'),
('submit_bug', 'mjbowen84@gmail.com'),
('submit_report', 'mjbowen84@gmail.com');

-- --------------------------------------------------------

--
-- Table structure for table `answer`
--

DROP TABLE IF EXISTS `answer`;
CREATE TABLE `answer` (
  `answer_id` int(10) UNSIGNED NOT NULL,
  `question_id` int(10) UNSIGNED NOT NULL,
  `answer_text` varchar(256) NOT NULL,
  `correct_flag` enum('Y','N') DEFAULT NULL,
  `times_chosen` int(10) UNSIGNED NOT NULL DEFAULT '0',
  `created_date` datetime NOT NULL DEFAULT CURRENT_TIMESTAMP,
  `last_updated_date` datetime NOT NULL DEFAULT CURRENT_TIMESTAMP ON UPDATE CURRENT_TIMESTAMP,
  `last_updated_by` varchar(20) NOT NULL
) ENGINE=InnoDB DEFAULT CHARSET=latin1;

--
-- Dumping data for table `answer`
--

INSERT INTO `answer` (`answer_id`, `question_id`, `answer_text`, `correct_flag`, `times_chosen`, `created_date`, `last_updated_date`, `last_updated_by`) VALUES
(1, 1, 'Lortab', 'N', 2, '2016-12-08 00:00:00', '2016-12-08 00:00:00', 'sgs38'),
(2, 1, 'Duragesic', 'Y', 12, '2016-12-08 00:00:00', '2016-12-08 00:00:00', 'sgs38'),
(3, 1, 'Norco', 'N', 1, '2016-12-08 00:00:00', '2016-12-08 00:00:00', 'sgs38'),
(4, 1, 'Vicodin', 'N', 2, '2016-12-08 00:00:00', '2017-04-02 19:45:27', 'sgs38'),
(5, 2, 'Oxycotin', 'N', 0, '2016-12-08 00:00:00', '2016-12-08 00:00:00', 'emcgeary'),
(6, 2, 'Oxymorphone', 'N', 0, '2016-12-08 00:00:00', '2016-12-08 00:00:00', 'emcgeary'),
(7, 2, 'Percocet', 'N', 0, '2016-12-08 00:00:00', '2016-12-08 00:00:00', 'emcgeary'),
(8, 2, 'Prozac', 'Y', 0, '2016-12-08 00:00:00', '2016-12-08 00:00:00', 'emcgeary'),
(9, 3, 'canagliflozin/Invokana', 'N', 2, '2016-12-08 00:00:00', '2016-12-08 00:00:00', 'sgs38'),
(10, 3, 'citalopram/Celexa', 'N', 2, '2016-12-08 00:00:00', '2016-12-08 00:00:00', 'sgs38'),
(11, 3, 'clopidogrel/Plavix', 'N', 0, '2016-12-08 00:00:00', '2016-12-08 00:00:00', 'sgs38'),
(12, 3, 'amoxicillin/Augmentin', 'Y', 12, '2016-12-08 00:00:00', '2017-04-02 19:04:08', 'sgs38'),
(13, 4, 'thiazide diuretic', 'N', 2, '2016-12-08 00:00:00', '2017-04-02 20:21:12', 'sgs38'),
(14, 4, 'calcium channel blocker', 'N', 2, '2016-12-08 00:00:00', '2017-04-09 13:31:19', 'sgs38'),
(15, 4, 'beta-adrenergic blocker', 'Y', 19, '2016-12-08 00:00:00', '2016-12-08 00:00:00', 'sgs38'),
(16, 4, 'cholesterol absorption inhib.', 'N', 2, '2016-12-08 00:00:00', '2016-12-08 00:00:00', 'sgs38'),
(17, 5, 'biguanide', 'Y', 16, '2016-12-08 00:00:00', '2017-04-02 19:03:55', 'sgs38'),
(18, 5, 'glucagon', 'N', 1, '2016-12-08 00:00:00', '2016-12-08 00:00:00', 'sgs38'),
(19, 5, 'sulfanamide', 'N', 1, '2016-12-08 00:00:00', '2016-12-08 00:00:00', 'sgs38'),
(20, 5, 'meglitinide', 'N', 1, '2016-12-08 00:00:00', '2016-12-08 00:00:00', 'sgs38'),
(21, 6, 'Prozac', 'N', 1, '2016-12-12 00:00:00', '2016-12-12 00:00:00', 'Lil_Wang'),
(22, 6, 'Wellbutrin XL', 'N', 2, '2016-12-12 00:00:00', '2016-12-12 00:00:00', 'Lil_Wang'),
(23, 6, 'Effexor', 'Y', 3, '2016-12-12 00:00:00', '2016-12-12 00:00:00', 'Lil_Wang'),
(24, 6, 'Desyrel', 'N', 0, '2016-12-12 00:00:00', '2016-12-12 00:00:00', 'Lil_Wang'),
(25, 7, 'hydrochlorothiazide', 'N', 2, '2016-12-08 00:00:00', '2017-04-02 20:21:20', 'sgs38'),
(26, 7, 'furosemide', 'N', 3, '2016-12-08 00:00:00', '2017-03-27 22:37:33', 'sgs38'),
(27, 7, 'escitalopram', 'Y', 15, '2016-12-08 00:00:00', '2016-12-08 00:00:00', 'sgs38'),
(28, 7, 'atenolol', 'N', 0, '2016-12-08 00:00:00', '2016-12-08 00:00:00', 'sgs38'),
(29, 8, 'Fosamax', 'N', 0, '2016-12-08 00:00:00', '2016-12-08 00:00:00', 'sgs38'),
(30, 8, 'Norvasc', 'Y', 1, '2016-12-08 00:00:00', '2016-12-08 00:00:00', 'sgs38'),
(31, 8, 'Tenormin', 'N', 0, '2016-12-08 00:00:00', '2016-12-08 00:00:00', 'sgs38'),
(32, 8, 'Keflex', 'N', 0, '2016-12-08 00:00:00', '2016-12-08 00:00:00', 'sgs38'),
(33, 9, 'Celebrex', 'N', 0, '2016-12-08 00:00:00', '2016-12-08 00:00:00', 'sgs38'),
(34, 9, 'Cipro', 'N', 1, '2016-12-08 00:00:00', '2016-12-08 00:00:00', 'sgs38'),
(35, 9, 'Invokana', 'Y', 1, '2016-12-08 00:00:00', '2016-12-08 00:00:00', 'sgs38'),
(36, 9, 'Celexa', 'N', 1, '2016-12-08 00:00:00', '2016-12-08 00:00:00', 'sgs38'),
(37, 10, 'Acetaminophen', 'Y', 3, '2016-12-12 00:00:00', '2016-12-12 00:00:00', 'Lil_Wang'),
(38, 10, 'Glucophage', 'N', 0, '2016-12-12 00:00:00', '2016-12-12 00:00:00', 'Lil_Wang'),
(39, 10, 'Naproxen', 'N', 3, '2016-12-12 00:00:00', '2017-03-27 22:37:30', 'Lil_Wang'),
(40, 10, 'Ibuprofen', 'N', 1, '2016-12-12 00:00:00', '2016-12-12 00:00:00', 'Lil_Wang'),
(41, 11, 'Stomach', 'N', 0, '2016-11-14 00:00:00', '2016-11-14 00:00:00', 'Ra_vee'),
(42, 11, 'Pancreas', 'Y', 3, '2016-11-14 00:00:00', '2016-11-14 00:00:00', 'Ra_vee'),
(43, 11, 'Lungs', 'N', 0, '2016-11-14 00:00:00', '2016-11-14 00:00:00', 'Ra_vee'),
(44, 11, 'Liver', 'N', 0, '2016-11-14 00:00:00', '2016-11-14 00:00:00', 'Ra_vee'),
(45, 12, 'TRAMADOL', 'Y', 4, '2016-12-12 00:00:00', '2016-12-12 00:00:00', 'Lil_Wang'),
(46, 12, 'OPANA', 'N', 1, '2016-12-12 00:00:00', '2016-12-12 00:00:00', 'Lil_Wang'),
(47, 12, 'Citalopram', 'N', 2, '2016-12-12 00:00:00', '2017-04-02 20:21:18', 'Lil_Wang'),
(48, 12, 'Cymbalta', 'N', 0, '2016-12-12 00:00:00', '2016-12-12 00:00:00', 'Lil_Wang'),
(49, 13, 'Plavix', 'Y', 0, '2016-12-08 00:00:00', '2016-12-08 00:00:00', 'emcgeary'),
(50, 13, 'Microzide', 'N', 0, '2016-12-08 00:00:00', '2016-12-08 00:00:00', 'emcgeary'),
(51, 13, 'Humalog', 'N', 0, '2016-12-08 00:00:00', '2016-12-08 00:00:00', 'emcgeary'),
(52, 13, 'Metformin', 'N', 0, '2016-12-08 00:00:00', '2016-12-08 00:00:00', 'emcgeary'),
(53, 14, 'Duloxetine & Fluoxetine', 'N', 2, '2016-12-12 00:00:00', '2017-04-02 19:45:14', 'Lil_Wang'),
(54, 14, 'Cymbalta & Escitalopram', 'N', 1, '2016-12-12 00:00:00', '2016-12-12 00:00:00', 'Lil_Wang'),
(55, 14, 'Cymbalta & Venlafaxine', 'Y', 4, '2016-12-12 00:00:00', '2016-12-12 00:00:00', 'Lil_Wang'),
(56, 14, 'Venlafaxine and Fluoxetine', 'N', 0, '2016-12-12 00:00:00', '2016-12-12 00:00:00', 'Lil_Wang'),
(57, 15, 'Because', 'N', 0, '2017-02-06 00:00:00', '2017-02-06 00:00:00', 'lizieaxes'),
(58, 15, 'Bipedalism', 'Y', 6, '2017-02-06 00:00:00', '2017-02-06 00:00:00', 'lizieaxes'),
(59, 15, 'It looks neat', 'N', 0, '2017-02-06 00:00:00', '2017-02-06 00:00:00', 'lizieaxes'),
(60, 15, 'Toes', 'N', 0, '2017-02-06 00:00:00', '2017-02-06 00:00:00', 'lizieaxes'),
(61, 16, 'Bayer', 'N', 0, '2016-12-08 00:00:00', '2016-12-08 00:00:00', 'sgs38'),
(62, 16, 'Aleve', 'Y', 4, '2016-12-08 00:00:00', '2016-12-08 00:00:00', 'sgs38'),
(63, 16, 'Duragesic', 'N', 0, '2016-12-08 00:00:00', '2016-12-08 00:00:00', 'sgs38'),
(64, 16, 'Aldactone', 'N', 0, '2016-12-08 00:00:00', '2016-12-08 00:00:00', 'sgs38'),
(65, 17, 'Epiglottis', 'Y', 40, '2016-11-13 00:00:00', '2017-04-09 13:22:50', 'Ra_vee'),
(66, 17, 'Stomach', 'N', 5, '2016-11-13 00:00:00', '2017-04-09 13:07:29', 'Ra_vee'),
(67, 17, 'Large Intestine', 'N', 12, '2016-11-13 00:00:00', '2017-04-09 13:22:57', 'Ra_vee'),
(68, 17, 'Capillaries', 'N', 3, '2016-11-13 00:00:00', '2017-03-28 20:59:24', 'Ra_vee'),
(69, 18, 'Citalopram', 'N', 1, '2016-12-08 00:00:00', '2016-12-08 00:00:00', 'emcgeary'),
(70, 18, 'Furosemide', 'Y', 16, '2016-12-08 00:00:00', '2016-12-08 00:00:00', 'emcgeary'),
(71, 18, 'Escitalopram', 'N', 0, '2016-12-08 00:00:00', '2016-12-08 00:00:00', 'emcgeary'),
(72, 18, 'Fentanyl', 'N', 0, '2016-12-08 00:00:00', '2016-12-08 00:00:00', 'emcgeary'),
(73, 19, 'Bactrim DS', 'Y', 20, '2016-12-08 00:00:00', '2016-12-08 00:00:00', 'sgs38'),
(74, 19, 'Zantac', 'N', 0, '2016-12-08 00:00:00', '2016-12-08 00:00:00', 'sgs38'),
(75, 19, 'Ultram', 'N', 0, '2016-12-08 00:00:00', '2016-12-08 00:00:00', 'sgs38'),
(76, 19, 'Aldactone', 'N', 0, '2016-12-08 00:00:00', '2016-12-08 00:00:00', 'sgs38'),
(77, 20, 'SSRI', 'N', 0, '2016-12-08 00:00:00', '2016-12-08 00:00:00', 'sgs38'),
(78, 20, 'platelet aggregation inhibitor', 'Y', 17, '2016-12-08 00:00:00', '2016-12-08 00:00:00', 'sgs38'),
(79, 20, 'fluoroquinolone', 'N', 0, '2016-12-08 00:00:00', '2016-12-08 00:00:00', 'sgs38'),
(80, 20, 'NSAID', 'N', 1, '2016-12-08 00:00:00', '2016-12-08 00:00:00', 'sgs38'),
(81, 21, 'Bupropion', 'Y', 0, '2016-12-12 00:00:00', '2016-12-12 00:00:00', 'Lil_Wang'),
(82, 21, 'Desyrel', 'N', 0, '2016-12-12 00:00:00', '2016-12-12 00:00:00', 'Lil_Wang'),
(83, 21, 'Elavil', 'N', 0, '2016-12-12 00:00:00', '2016-12-12 00:00:00', 'Lil_Wang'),
(84, 21, 'amitriptyline', 'N', 0, '2016-12-12 00:00:00', '2016-12-12 00:00:00', 'Lil_Wang'),
(85, 22, 'Ranitidine', 'N', 0, '2016-12-08 00:00:00', '2016-12-08 00:00:00', 'emcgeary'),
(86, 22, 'Sitagliptin', 'N', 0, '2016-12-08 00:00:00', '2016-12-08 00:00:00', 'emcgeary'),
(87, 22, 'Fosamax', 'N', 0, '2016-12-08 00:00:00', '2016-12-08 00:00:00', 'emcgeary'),
(88, 22, 'Warfarin', 'Y', 0, '2016-12-08 00:00:00', '2016-12-08 00:00:00', 'emcgeary'),
(89, 23, 'Naproxen has highest CV risk', 'N', 1, '2016-12-12 00:00:00', '2016-12-12 00:00:00', 'Lil_Wang'),
(90, 23, 'Naproxen has lowest CV risk', 'Y', 7, '2016-12-12 00:00:00', '2017-04-02 19:45:32', 'Lil_Wang'),
(91, 23, 'Ibuprofen has lowest CV risk', 'N', 0, '2016-12-12 00:00:00', '2016-12-12 00:00:00', 'Lil_Wang'),
(92, 23, 'Ibuprofen can has cheezburger', 'N', 0, '2016-12-12 00:00:00', '2016-12-12 00:00:00', 'Lil_Wang'),
(93, 24, 'NonPharm (no options)', 'N', 0, '2016-11-28 00:00:00', '2016-11-28 00:00:00', 'Ra_vee'),
(94, 24, 'Acetaminophen', 'Y', 4, '2016-11-28 00:00:00', '2016-11-28 00:00:00', 'Ra_vee'),
(95, 24, 'Menthol', 'N', 1, '2016-11-28 00:00:00', '2016-11-28 00:00:00', 'Ra_vee'),
(96, 24, 'Bismuth', 'N', 0, '2016-11-28 00:00:00', '2016-11-28 00:00:00', 'Ra_vee'),
(97, 25, 'Amoxicillin', 'N', 0, '2016-12-12 00:00:00', '2016-12-12 00:00:00', 'Lil_Wang'),
(98, 25, 'Lexapro', 'N', 2, '2016-12-12 00:00:00', '2017-04-02 20:21:16', 'Lil_Wang'),
(99, 25, 'Celebrex', 'Y', 5, '2016-12-12 00:00:00', '2016-12-12 00:00:00', 'Lil_Wang'),
(100, 25, 'Celexa', 'N', 0, '2016-12-12 00:00:00', '2016-12-12 00:00:00', 'Lil_Wang'),
(101, 26, 'Wellbutrin XL', 'Y', 0, '2016-12-08 00:00:00', '2016-12-08 00:00:00', 'sgs38'),
(102, 26, 'Toprol XL', 'N', 0, '2016-12-08 00:00:00', '2016-12-08 00:00:00', 'sgs38'),
(103, 26, 'Glucotrol XL', 'N', 0, '2016-12-08 00:00:00', '2016-12-08 00:00:00', 'sgs38'),
(104, 26, 'Oxycodone ER', 'N', 0, '2016-12-08 00:00:00', '2016-12-08 00:00:00', 'sgs38'),
(105, 27, 'fentanyl tansdermal', 'N', 0, '2016-12-08 00:00:00', '2016-12-08 00:00:00', 'sgs38'),
(106, 27, 'Opana', 'N', 1, '2016-12-08 00:00:00', '2016-12-08 00:00:00', 'sgs38'),
(107, 27, 'tramadol', 'N', 0, '2016-12-08 00:00:00', '2016-12-08 00:00:00', 'sgs38'),
(108, 27, 'naproxen', 'Y', 17, '2016-12-08 00:00:00', '2016-12-08 00:00:00', 'sgs38'),
(109, 28, 'Victoza', 'Y', 18, '2016-12-08 00:00:00', '2016-12-08 00:00:00', 'sgs38'),
(110, 28, 'Prinivil', 'N', 3, '2016-12-08 00:00:00', '2017-04-02 19:03:51', 'sgs38'),
(111, 28, 'Ativan', 'N', 1, '2016-12-08 00:00:00', '2017-04-02 20:21:14', 'sgs38'),
(112, 28, 'Levoxyl', 'N', 3, '2016-12-08 00:00:00', '2017-04-02 20:01:38', 'sgs38'),
(113, 29, 'OPANA', 'N', 0, '2016-12-12 00:00:00', '2016-12-12 00:00:00', 'Lil_Wang'),
(114, 29, 'Duragesic', 'Y', 0, '2016-12-12 00:00:00', '2016-12-12 00:00:00', 'Lil_Wang'),
(115, 29, 'OXY IR', 'N', 0, '2016-12-12 00:00:00', '2016-12-12 00:00:00', 'Lil_Wang'),
(116, 29, 'Doxycycline', 'N', 0, '2016-12-12 00:00:00', '2016-12-12 00:00:00', 'Lil_Wang'),
(117, 30, 'tetracycline', 'N', 3, '2016-12-08 00:00:00', '2017-04-07 20:54:47', 'sgs38'),
(118, 30, 'duloxetine', 'N', 2, '2016-12-08 00:00:00', '2016-12-08 00:00:00', 'sgs38'),
(119, 30, 'doxycycline', 'Y', 15, '2016-12-08 00:00:00', '2016-12-08 00:00:00', 'sgs38'),
(120, 30, 'fluoxetine', 'N', 0, '2016-12-08 00:00:00', '2016-12-08 00:00:00', 'sgs38'),
(121, 31, 'Aldactone', 'N', 0, '2016-12-08 00:00:00', '2016-12-08 00:00:00', 'sgs38'),
(122, 31, 'Januvia', 'Y', 20, '2016-12-08 00:00:00', '2016-12-08 00:00:00', 'sgs38'),
(123, 31, 'Zantac', 'N', 2, '2016-12-08 00:00:00', '2017-03-27 22:37:31', 'sgs38'),
(124, 31, 'Prilosec', 'N', 0, '2016-12-08 00:00:00', '2016-12-08 00:00:00', 'sgs38'),
(125, 32, 'Celebrex', 'N', 0, '2016-12-08 00:00:00', '2016-12-08 00:00:00', 'emcgeary'),
(126, 32, 'Citalopram', 'N', 0, '2016-12-08 00:00:00', '2016-12-08 00:00:00', 'emcgeary'),
(127, 32, 'Tenormin', 'Y', 0, '2016-12-08 00:00:00', '2016-12-08 00:00:00', 'emcgeary'),
(128, 32, 'Lipitor', 'N', 0, '2016-12-08 00:00:00', '2016-12-08 00:00:00', 'emcgeary'),
(129, 33, '1', 'N', 0, '2017-02-06 00:00:00', '2017-02-06 00:00:00', 'mjb236'),
(130, 33, '2', 'N', 1, '2017-02-06 00:00:00', '2017-02-06 00:00:00', 'mjb236'),
(131, 33, '3', 'Y', 3, '2017-02-06 00:00:00', '2017-02-06 00:00:00', 'mjb236'),
(132, 33, '4', 'N', 0, '2017-02-06 00:00:00', '2017-02-06 00:00:00', 'mjb236'),
(133, 34, 'TRAMADOL', 'N', 0, '2016-12-12 00:00:00', '2016-12-12 00:00:00', 'Lil_Wang'),
(134, 34, 'Fentanyl (Trandermal)', 'Y', 5, '2016-12-12 00:00:00', '2017-03-27 22:37:35', 'Lil_Wang'),
(135, 34, 'Oxycodone', 'N', 2, '2016-12-12 00:00:00', '2017-04-02 19:45:19', 'Lil_Wang'),
(136, 34, 'Oxymorphone', 'N', 0, '2016-12-12 00:00:00', '2016-12-12 00:00:00', 'Lil_Wang'),
(137, 35, 'Flagyl', 'N', 2, '2016-12-12 00:00:00', '2016-12-12 00:00:00', 'Lil_Wang'),
(138, 35, 'Vibramycin', 'N', 0, '2016-12-12 00:00:00', '2016-12-12 00:00:00', 'Lil_Wang'),
(139, 35, 'Fluconazole', 'Y', 6, '2016-12-12 00:00:00', '2017-04-09 13:25:50', 'Lil_Wang'),
(140, 35, 'Bactrim/ Bactrim DS', 'N', 0, '2016-12-12 00:00:00', '2016-12-12 00:00:00', 'Lil_Wang'),
(141, 36, 'Sulfamethoxazole/trimethoprim', 'N', 0, '2016-12-12 00:00:00', '2016-12-12 00:00:00', 'Lil_Wang'),
(142, 36, 'Metronidazole', 'Y', 4, '2016-12-12 00:00:00', '2016-12-12 00:00:00', 'Lil_Wang'),
(143, 36, 'Doxycycline', 'N', 1, '2016-12-12 00:00:00', '2016-12-12 00:00:00', 'Lil_Wang'),
(144, 36, 'Azithromycin', 'N', 0, '2016-12-12 00:00:00', '2016-12-12 00:00:00', 'Lil_Wang'),
(145, 37, 'Duloxetine', 'Y', 5, '2016-12-12 00:00:00', '2016-12-12 00:00:00', 'Lil_Wang'),
(146, 37, 'Citalopram', 'N', 1, '2016-12-12 00:00:00', '2016-12-12 00:00:00', 'Lil_Wang'),
(147, 37, 'Lexapro', 'N', 3, '2016-12-12 00:00:00', '2017-03-27 20:52:51', 'Lil_Wang'),
(148, 37, 'Fluoxetine', 'N', 0, '2016-12-12 00:00:00', '2016-12-12 00:00:00', 'Lil_Wang'),
(149, 38, 'Omnicef', 'Y', 3, '2016-12-08 00:00:00', '2016-12-08 00:00:00', 'sgs38'),
(150, 38, 'Keflex', 'N', 1, '2016-12-08 00:00:00', '2016-12-08 00:00:00', 'sgs38'),
(151, 38, 'Ativan', 'N', 0, '2016-12-08 00:00:00', '2016-12-08 00:00:00', 'sgs38'),
(152, 38, 'Flagyl', 'N', 0, '2016-12-08 00:00:00', '2016-12-08 00:00:00', 'sgs38'),
(153, 39, 'Antihypertensives', 'N', 0, '2016-12-12 00:00:00', '2016-12-12 00:00:00', 'Lil_Wang'),
(154, 39, 'Antibiotics', 'N', 1, '2016-12-12 00:00:00', '2017-03-28 20:53:58', 'Lil_Wang'),
(155, 39, 'Diabetes Meds', 'N', 0, '2016-12-12 00:00:00', '2016-12-12 00:00:00', 'Lil_Wang'),
(156, 39, 'Antidepressants', 'Y', 9, '2016-12-12 00:00:00', '2017-04-02 19:03:45', 'Lil_Wang'),
(157, 40, 'Prilosec', 'Y', 0, '2016-12-08 00:00:00', '2016-12-08 00:00:00', 'emcgeary'),
(158, 40, 'Zantac', 'N', 0, '2016-12-08 00:00:00', '2016-12-08 00:00:00', 'emcgeary'),
(159, 40, 'Januvia', 'N', 0, '2016-12-08 00:00:00', '2016-12-08 00:00:00', 'emcgeary'),
(160, 40, 'Aldactone', 'N', 0, '2016-12-08 00:00:00', '2016-12-08 00:00:00', 'emcgeary'),
(161, 41, 'Dell sucks', 'N', 0, '2017-02-06 00:00:00', '2017-02-06 00:00:00', 'mjb236'),
(162, 41, 'Bill Gates', 'N', 0, '2017-02-06 00:00:00', '2017-02-06 00:00:00', 'mjb236'),
(163, 41, 'Steve Jobs needs my money', 'Y', 3, '2017-02-06 00:00:00', '2017-02-06 00:00:00', 'mjb236'),
(164, 41, 'Snakes!', 'N', 0, '2017-02-06 00:00:00', '2017-02-06 00:00:00', 'mjb236'),
(165, 42, 'Trazodone', 'Y', 5, '2016-12-12 00:00:00', '2016-12-12 00:00:00', 'Lil_Wang'),
(166, 42, 'cymbalta', 'N', 0, '2016-12-12 00:00:00', '2016-12-12 00:00:00', 'Lil_Wang'),
(167, 42, 'escitalopram', 'N', 2, '2016-12-12 00:00:00', '2017-03-27 22:37:34', 'Lil_Wang'),
(168, 42, 'celexa', 'N', 1, '2016-12-12 00:00:00', '2016-12-12 00:00:00', 'Lil_Wang'),
(169, 43, 'Axon', 'N', 0, '2016-11-11 00:00:00', '2016-11-11 00:00:00', 'Ra_vee'),
(170, 43, 'Dendrite', 'Y', 0, '2016-11-11 00:00:00', '2016-11-11 00:00:00', 'Ra_vee'),
(171, 43, 'Cell Body', 'N', 0, '2016-11-11 00:00:00', '2016-11-11 00:00:00', 'Ra_vee'),
(172, 43, 'Nucleus', 'N', 0, '2016-11-11 00:00:00', '2016-11-11 00:00:00', 'Ra_vee'),
(173, 44, 'Invokana', 'N', 0, '2016-12-08 00:00:00', '2016-12-08 00:00:00', 'sgs38'),
(174, 44, 'Cipro', 'N', 1, '2016-12-08 00:00:00', '2016-12-08 00:00:00', 'sgs38'),
(175, 44, 'Tenormin', 'N', 0, '2016-12-08 00:00:00', '2016-12-08 00:00:00', 'sgs38'),
(176, 44, 'Zyban', 'Y', 2, '2016-12-08 00:00:00', '2016-12-08 00:00:00', 'sgs38'),
(177, 45, 'Ground', 'N', 0, '2017-03-31 14:16:03', '2017-03-31 14:16:03', 'mjb236'),
(178, 45, 'Sky', 'N', 0, '2017-03-31 14:16:03', '2017-03-31 14:16:03', 'mjb236'),
(179, 45, 'Saturn', 'N', 0, '2017-03-31 14:16:03', '2017-03-31 14:16:03', 'mjb236'),
(180, 45, 'Ort Cloud', 'Y', 1, '2017-03-31 14:16:03', '2017-03-31 14:16:56', 'mjb236'),
(181, 46, '1', 'N', 1, '2017-03-31 14:37:10', '2017-03-31 14:37:40', 'mjb236'),
(182, 46, '2', 'Y', 1, '2017-03-31 14:37:10', '2017-03-31 14:37:29', 'mjb236'),
(183, 46, '3', 'N', 0, '2017-03-31 14:37:10', '2017-03-31 14:37:10', 'mjb236'),
(184, 46, '4', 'N', 0, '2017-03-31 14:37:10', '2017-03-31 14:37:10', 'mjb236'),
(185, 47, 'Yes', 'N', 0, '2017-03-31 14:42:30', '2017-03-31 14:42:30', 'mjb236'),
(186, 47, 'No', 'N', 0, '2017-03-31 14:42:31', '2017-03-31 14:42:31', 'mjb236'),
(187, 47, 'Maybe', 'Y', 0, '2017-03-31 14:42:31', '2017-03-31 14:42:31', 'mjb236'),
(188, 47, 'Duh', 'N', 0, '2017-03-31 14:42:31', '2017-03-31 14:42:31', 'mjb236'),
(189, 48, '1', 'Y', 0, '2017-03-31 14:43:51', '2017-03-31 14:43:51', 'mjb236'),
(190, 48, '2', 'N', 0, '2017-03-31 14:43:51', '2017-03-31 14:43:51', 'mjb236'),
(191, 48, '3', 'N', 0, '2017-03-31 14:43:51', '2017-03-31 14:43:51', 'mjb236'),
(192, 48, '4', 'N', 0, '2017-03-31 14:43:51', '2017-03-31 14:43:51', 'mjb236'),
(193, 49, '4', 'N', 0, '2017-03-31 14:45:36', '2017-03-31 14:45:36', 'mjb236'),
(194, 49, '3', 'N', 0, '2017-03-31 14:45:36', '2017-03-31 14:45:36', 'mjb236'),
(195, 49, '2', 'Y', 0, '2017-03-31 14:45:36', '2017-03-31 14:45:36', 'mjb236'),
(196, 49, '1', 'N', 0, '2017-03-31 14:45:36', '2017-03-31 14:45:36', 'mjb236'),
(197, 50, 'Ted Cruz', 'Y', 1, '2017-03-31 15:46:41', '2017-03-31 15:47:49', 'dabest'),
(198, 50, 'Bill Clinton', 'N', 0, '2017-03-31 15:46:41', '2017-03-31 15:46:41', 'dabest'),
(199, 50, 'Bernie Sanders', 'N', 0, '2017-03-31 15:46:41', '2017-03-31 15:46:41', 'dabest'),
(200, 50, 'George W Bush', 'N', 0, '2017-03-31 15:46:41', '2017-03-31 15:46:41', 'dabest'),
(201, 51, 'Skull', 'N', 3, '2017-04-02 20:25:04', '2017-04-09 13:22:54', 'mjb236'),
(202, 51, 'Hand', 'N', 1, '2017-04-02 20:25:04', '2017-04-02 21:44:24', 'mjb236'),
(203, 51, 'Foot', 'Y', 6, '2017-04-02 20:25:04', '2017-04-09 13:27:49', 'mjb236'),
(204, 51, 'Torso', 'N', 0, '2017-04-02 20:25:04', '2017-04-02 20:25:04', 'mjb236'),
(205, 52, 'Yes', 'Y', 2, '2017-04-02 20:28:39', '2017-04-09 13:30:44', 'mjb236'),
(206, 52, 'No', 'N', 1, '2017-04-02 20:28:39', '2017-04-02 20:35:16', 'mjb236'),
(207, 52, 'Maybe', 'N', 0, '2017-04-02 20:28:39', '2017-04-02 20:28:39', 'mjb236'),
(208, 52, 'So', 'N', 1, '2017-04-02 20:28:39', '2017-04-02 20:44:38', 'mjb236'),
(209, 53, 'Yep', 'N', 0, '2017-04-07 20:55:43', '2017-04-07 20:55:43', 'mjb236'),
(210, 53, 'Narp', 'Y', 1, '2017-04-07 20:55:43', '2017-04-07 20:55:53', 'mjb236'),
(211, 53, 'Ok?', 'N', 0, '2017-04-07 20:55:43', '2017-04-07 20:55:43', 'mjb236'),
(212, 53, 'What?', 'N', 0, '2017-04-07 20:55:43', '2017-04-07 20:55:43', 'mjb236');

--
-- Triggers `answer`
--
DROP TRIGGER IF EXISTS `trg_answerBackup`;
DELIMITER $$
CREATE TRIGGER `trg_answerBackup` BEFORE DELETE ON `answer` FOR EACH ROW BEGIN
  INSERT INTO deleted_answer
    (answer_id, question_id, answer_text, correct_flag, times_chosen, created_date, last_updated_date, last_updated_by)
  VALUES
    (OLD.answer_id, OLD.question_id, OLD.answer_text, OLD.correct_flag, OLD.times_chosen, OLD.created_date, OLD.last_updated_date, OLD.last_updated_by);
END
$$
DELIMITER ;

-- --------------------------------------------------------

--
-- Table structure for table `answer_log`
--

DROP TABLE IF EXISTS `answer_log`;
CREATE TABLE `answer_log` (
  `answer_log_id` int(10) UNSIGNED NOT NULL,
  `question_id` int(10) UNSIGNED NOT NULL,
  `answer_id` int(10) UNSIGNED NOT NULL,
  `username` varchar(20) NOT NULL,
  `attempt_number` int(10) UNSIGNED NOT NULL DEFAULT '1',
  `correct_flag` enum('Y','N') DEFAULT NULL,
  `score` int(10) UNSIGNED NOT NULL DEFAULT '100',
  `created_date` datetime NOT NULL DEFAULT CURRENT_TIMESTAMP
) ENGINE=InnoDB DEFAULT CHARSET=latin1;

--
-- Dumping data for table `answer_log`
--

INSERT INTO `answer_log` (`answer_log_id`, `question_id`, `answer_id`, `username`, `attempt_number`, `correct_flag`, `score`, `created_date`) VALUES
(1, 17, 1, 'Ra_vee', 1, 'N', 0, '2016-11-14 11:41:31'),
(2, 17, 1, 'Ra_vee', 2, 'Y', 100, '2016-11-14 11:41:38'),
(3, 17, 1, 'Ra_vee', 3, 'N', 0, '2016-11-14 11:41:44'),
(4, 17, 1, 'Ra_vee', 4, 'Y', 100, '2016-11-14 11:41:49'),
(5, 17, 1, 'Ra_vee', 5, 'Y', 100, '2016-11-14 11:41:54'),
(6, 17, 1, 'Ra_vee', 6, 'Y', 100, '2016-11-14 12:43:59'),
(7, 17, 1, 'kmccor2008', 1, 'Y', 100, '2016-11-15 08:44:45'),
(8, 17, 1, 'Ra_vee', 7, 'Y', 100, '2016-11-15 13:11:00'),
(9, 17, 1, 'Ra_vee', 8, 'Y', 100, '2016-11-15 13:13:39'),
(10, 11, 1, 'sgs38', 1, 'Y', 100, '2016-11-20 20:54:55'),
(11, 17, 1, 'sgs38', 1, 'Y', 100, '2016-11-20 20:55:20'),
(14, 17, 1, 'Ra_vee', 9, 'Y', 100, '2016-11-28 16:58:09'),
(15, 17, 1, 'janelio', 1, 'Y', 100, '2016-11-29 12:31:27'),
(16, 17, 1, 'janelio', 2, 'Y', 100, '2016-11-29 12:31:58'),
(17, 11, 1, 'janelio', 1, 'Y', 100, '2016-11-29 12:37:21'),
(18, 17, 1, 'janelio', 3, 'Y', 100, '2016-11-29 12:37:34'),
(19, 17, 1, 'janelio', 4, 'Y', 100, '2016-11-29 12:39:01'),
(20, 17, 1, 'janelio', 5, 'Y', 100, '2016-11-29 12:39:06'),
(21, 17, 1, 'janelio', 6, 'Y', 100, '2016-11-29 12:39:12'),
(22, 24, 1, 'Ra_vee', 1, 'Y', 100, '2016-11-29 13:37:26'),
(23, 24, 1, 'sgs38', 1, 'N', 0, '2016-12-09 12:55:51'),
(24, 16, 1, 'sgs38', 1, 'Y', 100, '2016-12-09 12:55:57'),
(25, 38, 1, 'sgs38', 1, 'Y', 100, '2016-12-09 12:56:27'),
(26, 30, 1, 'emcgeary', 1, 'Y', 100, '2016-12-09 12:57:08'),
(27, 38, 1, 'emcgeary', 1, 'Y', 100, '2016-12-09 12:58:21'),
(28, 16, 1, 'emcgeary', 1, 'Y', 100, '2016-12-09 12:58:34'),
(29, 24, 1, 'emcgeary', 1, 'Y', 100, '2016-12-09 12:58:44'),
(30, 44, 1, 'emcgeary', 1, 'Y', 100, '2016-12-09 12:59:07'),
(31, 9, 1, 'emcgeary', 1, 'Y', 100, '2016-12-09 12:59:17'),
(32, 28, 1, 'emcgeary', 1, 'Y', 100, '2016-12-09 13:00:13'),
(33, 30, 1, 'emcgeary', 2, 'Y', 100, '2016-12-09 13:00:19'),
(34, 1, 1, 'zjinli96', 1, 'Y', 100, '2016-12-09 13:13:28'),
(35, 30, 1, 'zjinli96', 1, 'Y', 100, '2016-12-09 13:13:33'),
(36, 28, 1, 'zjinli96', 1, 'Y', 100, '2016-12-09 13:13:36'),
(37, 4, 1, 'zjinli96', 1, 'Y', 100, '2016-12-09 13:13:46'),
(38, 18, 1, 'zjinli96', 1, 'Y', 100, '2016-12-09 13:13:50'),
(39, 5, 1, 'zjinli96', 1, 'N', 0, '2016-12-09 13:13:56'),
(40, 20, 1, 'zjinli96', 1, 'Y', 100, '2016-12-09 13:14:02'),
(41, 19, 1, 'zjinli96', 1, 'Y', 100, '2016-12-09 13:14:06'),
(42, 7, 1, 'zjinli96', 1, 'N', 0, '2016-12-09 13:14:08'),
(43, 27, 1, 'zjinli96', 1, 'Y', 100, '2016-12-09 13:14:13'),
(44, 31, 1, 'zjinli96', 1, 'Y', 100, '2016-12-09 13:14:17'),
(45, 1, 1, 'MelHawn', 1, 'Y', 100, '2016-12-09 16:42:30'),
(46, 19, 1, 'MelHawn', 1, 'Y', 100, '2016-12-09 16:42:37'),
(47, 4, 1, 'MelHawn', 1, 'Y', 100, '2016-12-09 16:42:45'),
(48, 27, 1, 'MelHawn', 1, 'Y', 100, '2016-12-09 16:42:52'),
(49, 30, 1, 'MelHawn', 1, 'Y', 100, '2016-12-09 16:43:03'),
(67, 18, 1, 'sawyerbressler', 1, 'N', 0, '2016-12-10 15:30:56'),
(68, 4, 1, 'sawyerbressler', 1, 'N', 0, '2016-12-10 15:31:54'),
(69, 28, 1, 'sawyerbressler', 1, 'Y', 100, '2016-12-10 15:32:02'),
(70, 20, 1, 'sawyerbressler', 1, 'Y', 100, '2016-12-10 15:32:11'),
(71, 31, 1, 'sawyerbressler', 1, 'Y', 100, '2016-12-10 15:32:18'),
(72, 3, 1, 'sawyerbressler', 1, 'Y', 100, '2016-12-10 15:32:26'),
(73, 31, 1, 'sawyerbressler', 2, 'Y', 100, '2016-12-10 15:32:42'),
(74, 27, 1, 'sawyerbressler', 1, 'Y', 100, '2016-12-10 15:32:47'),
(75, 20, 1, 'sawyerbressler', 2, 'Y', 100, '2016-12-10 15:32:52'),
(76, 4, 1, 'sawyerbressler', 2, 'Y', 100, '2016-12-10 15:32:57'),
(77, 28, 1, 'sawyerbressler', 2, 'Y', 100, '2016-12-10 15:33:00'),
(78, 30, 1, 'sawyerbressler', 1, 'Y', 100, '2016-12-10 15:33:22'),
(79, 27, 1, 'sawyerbressler', 2, 'Y', 100, '2016-12-10 15:33:28'),
(80, 4, 1, 'sawyerbressler', 3, 'Y', 100, '2016-12-10 15:33:33'),
(81, 19, 1, 'sawyerbressler', 1, 'Y', 100, '2016-12-10 15:33:37'),
(82, 5, 1, 'sawyerbressler', 1, 'Y', 100, '2016-12-10 15:33:42'),
(83, 7, 1, 'sawyerbressler', 1, 'Y', 100, '2016-12-10 15:33:50'),
(84, 31, 1, 'sawyerbressler', 3, 'Y', 100, '2016-12-10 15:33:56'),
(85, 28, 1, 'sawyerbressler', 3, 'Y', 100, '2016-12-10 15:34:01'),
(86, 20, 1, 'sawyerbressler', 3, 'Y', 100, '2016-12-10 15:34:05'),
(87, 3, 1, 'sawyerbressler', 2, 'Y', 100, '2016-12-10 15:34:12'),
(88, 18, 1, 'sawyerbressler', 2, 'Y', 100, '2016-12-10 15:34:16'),
(89, 1, 1, 'sawyerbressler', 1, 'N', 0, '2016-12-10 15:34:23'),
(90, 1, 1, 'stg50', 1, 'N', 0, '2016-12-10 16:59:52'),
(91, 19, 1, 'stg50', 1, 'Y', 100, '2016-12-10 17:00:02'),
(92, 31, 1, 'stg50', 1, 'Y', 100, '2016-12-10 17:00:09'),
(93, 5, 1, 'stg50', 1, 'Y', 100, '2016-12-10 17:00:20'),
(94, 3, 1, 'stg50', 1, 'Y', 100, '2016-12-10 17:00:33'),
(95, 3, 1, 'marisapostava', 1, 'Y', 100, '2016-12-10 18:15:41'),
(96, 28, 1, 'marisapostava', 1, 'Y', 100, '2016-12-10 18:15:51'),
(97, 4, 1, 'marisapostava', 1, 'Y', 100, '2016-12-10 18:16:01'),
(98, 7, 1, 'marisapostava', 1, 'Y', 100, '2016-12-10 18:16:10'),
(99, 31, 1, 'marisapostava', 1, 'Y', 100, '2016-12-10 18:16:17'),
(100, 1, 1, 'marisapostava', 1, 'Y', 100, '2016-12-10 18:16:24'),
(101, 18, 1, 'marisapostava', 1, 'Y', 100, '2016-12-10 18:16:37'),
(102, 20, 1, 'marisapostava', 1, 'Y', 100, '2016-12-10 18:16:47'),
(103, 30, 1, 'marisapostava', 1, 'N', 0, '2016-12-10 18:16:53'),
(104, 19, 1, 'marisapostava', 1, 'Y', 100, '2016-12-10 18:16:59'),
(105, 27, 1, 'marisapostava', 1, 'Y', 100, '2016-12-10 18:17:04'),
(106, 5, 1, 'marisapostava', 1, 'Y', 100, '2016-12-10 18:17:07'),
(119, 4, 1, 'map273', 1, 'Y', 100, '2016-12-11 16:06:56'),
(120, 18, 1, 'map273', 1, 'Y', 100, '2016-12-11 16:07:05'),
(121, 3, 1, 'map273', 1, 'N', 0, '2016-12-11 16:07:18'),
(122, 5, 1, 'map273', 1, 'Y', 100, '2016-12-11 16:07:26'),
(123, 28, 1, 'map273', 1, 'Y', 100, '2016-12-11 16:07:32'),
(124, 27, 1, 'map273', 1, 'Y', 100, '2016-12-11 16:07:37'),
(125, 31, 1, 'map273', 1, 'Y', 100, '2016-12-11 16:07:41'),
(126, 19, 1, 'map273', 1, 'Y', 100, '2016-12-11 16:07:45'),
(127, 30, 1, 'map273', 1, 'Y', 100, '2016-12-11 16:07:49'),
(128, 20, 1, 'map273', 1, 'Y', 100, '2016-12-11 16:07:55'),
(129, 1, 1, 'map273', 1, 'Y', 100, '2016-12-11 16:08:07'),
(130, 7, 1, 'jac331', 1, 'Y', 100, '2016-12-11 23:37:23'),
(131, 27, 1, 'jac331', 1, 'N', 0, '2016-12-11 23:37:42'),
(132, 20, 1, 'jac331', 1, 'N', 0, '2016-12-11 23:38:01'),
(133, 4, 1, 'jac331', 1, 'N', 0, '2016-12-11 23:38:16'),
(134, 28, 1, 'jac331', 1, 'N', 0, '2016-12-11 23:38:29'),
(135, 1, 1, 'jac331', 1, 'N', 0, '2016-12-11 23:38:44'),
(136, 30, 1, 'jac331', 1, 'Y', 100, '2016-12-11 23:39:02'),
(137, 31, 1, 'jac331', 1, 'Y', 100, '2016-12-11 23:39:14'),
(138, 5, 1, 'jac331', 1, 'N', 0, '2016-12-11 23:39:20'),
(139, 18, 1, 'jac331', 1, 'Y', 100, '2016-12-11 23:39:30'),
(140, 3, 1, 'jac331', 1, 'N', 0, '2016-12-11 23:40:00'),
(141, 19, 1, 'jac331', 1, 'Y', 100, '2016-12-11 23:40:10'),
(142, 24, 1, 'jac331', 1, 'Y', 100, '2016-12-11 23:41:26'),
(143, 38, 1, 'jac331', 1, 'Y', 100, '2016-12-11 23:41:34'),
(144, 16, 1, 'jac331', 1, 'Y', 100, '2016-12-11 23:41:41'),
(145, 44, 1, 'jac331', 1, 'Y', 100, '2016-12-11 23:41:49'),
(146, 9, 1, 'jac331', 1, 'N', 0, '2016-12-11 23:41:57'),
(147, 27, 1, 'olb13', 1, 'Y', 100, '2016-12-13 02:09:31'),
(148, 1, 1, 'olb13', 1, 'Y', 100, '2016-12-13 02:09:44'),
(149, 3, 1, 'olb13', 1, 'Y', 100, '2016-12-13 02:10:00'),
(150, 20, 1, 'olb13', 1, 'Y', 100, '2016-12-13 02:10:16'),
(151, 19, 1, 'olb13', 1, 'Y', 100, '2016-12-13 02:10:54'),
(152, 28, 1, 'olb13', 1, 'Y', 100, '2016-12-13 02:11:07'),
(153, 18, 1, 'olb13', 1, 'Y', 100, '2016-12-13 02:11:12'),
(154, 30, 1, 'olb13', 1, 'Y', 100, '2016-12-13 02:11:19'),
(155, 4, 1, 'olb13', 1, 'Y', 100, '2016-12-13 02:11:25'),
(156, 31, 1, 'olb13', 1, 'Y', 100, '2016-12-13 02:11:36'),
(157, 5, 1, 'olb13', 1, 'Y', 100, '2016-12-13 02:11:42'),
(158, 7, 1, 'olb13', 1, 'Y', 100, '2016-12-13 02:11:49'),
(159, 28, 1, 'mattbrock4', 1, 'Y', 100, '2016-12-13 10:11:10'),
(160, 7, 1, 'mattbrock4', 1, 'Y', 100, '2016-12-13 10:11:21'),
(161, 4, 1, 'mattbrock4', 1, 'Y', 100, '2016-12-13 10:11:51'),
(162, 1, 1, 'mattbrock4', 1, 'Y', 100, '2016-12-13 10:12:05'),
(163, 19, 1, 'mattbrock4', 1, 'Y', 100, '2016-12-13 10:12:12'),
(164, 18, 1, 'mattbrock4', 1, 'Y', 100, '2016-12-13 10:47:39'),
(165, 30, 1, 'mattbrock4', 1, 'Y', 100, '2016-12-13 10:47:52'),
(166, 7, 1, 'mattbrock4', 2, 'Y', 100, '2016-12-13 10:48:00'),
(167, 28, 1, 'mattbrock4', 2, 'Y', 100, '2016-12-13 10:48:08'),
(168, 27, 1, 'mattbrock4', 1, 'Y', 100, '2016-12-13 10:48:15'),
(169, 19, 1, 'Lil_Wang', 1, 'Y', 100, '2016-12-13 10:48:21'),
(170, 28, 1, 'Lil_Wang', 1, 'Y', 100, '2016-12-13 10:48:29'),
(171, 3, 1, 'mattbrock4', 1, 'N', 0, '2016-12-13 10:48:29'),
(172, 7, 1, 'Lil_Wang', 1, 'Y', 100, '2016-12-13 10:48:38'),
(173, 4, 1, 'mattbrock4', 2, 'Y', 100, '2016-12-13 10:48:50'),
(174, 18, 1, 'Lil_Wang', 1, 'Y', 100, '2016-12-13 10:48:51'),
(175, 5, 1, 'mattbrock4', 1, 'Y', 100, '2016-12-13 10:48:58'),
(176, 1, 1, 'Lil_Wang', 1, 'Y', 100, '2016-12-13 10:49:02'),
(177, 31, 1, 'mattbrock4', 1, 'Y', 100, '2016-12-13 10:49:05'),
(178, 30, 1, 'Lil_Wang', 1, 'Y', 100, '2016-12-13 10:49:09'),
(179, 20, 1, 'mattbrock4', 1, 'Y', 100, '2016-12-13 10:49:19'),
(180, 3, 1, 'Lil_Wang', 1, 'Y', 100, '2016-12-13 10:49:23'),
(181, 31, 1, 'Lil_Wang', 1, 'Y', 100, '2016-12-13 10:49:33'),
(182, 27, 1, 'Lil_Wang', 1, 'Y', 100, '2016-12-13 10:49:41'),
(183, 18, 1, 'mattbrock4', 2, 'Y', 100, '2016-12-13 10:49:50'),
(184, 4, 1, 'Lil_Wang', 1, 'Y', 100, '2016-12-13 10:49:53'),
(185, 3, 1, 'mattbrock4', 2, 'Y', 100, '2016-12-13 10:49:57'),
(186, 20, 1, 'Lil_Wang', 1, 'Y', 100, '2016-12-13 10:50:01'),
(187, 19, 1, 'mattbrock4', 2, 'Y', 100, '2016-12-13 10:50:03'),
(188, 31, 1, 'mattbrock4', 2, 'Y', 100, '2016-12-13 10:50:08'),
(189, 7, 1, 'mattbrock4', 3, 'Y', 100, '2016-12-13 10:50:12'),
(190, 5, 1, 'mattbrock4', 2, 'Y', 100, '2016-12-13 10:50:21'),
(191, 5, 1, 'Lil_Wang', 1, 'Y', 100, '2016-12-13 10:50:23'),
(192, 28, 1, 'mattbrock4', 3, 'Y', 100, '2016-12-13 10:50:27'),
(193, 30, 1, 'mattbrock4', 2, 'Y', 100, '2016-12-13 10:50:35'),
(194, 27, 1, 'mattbrock4', 2, 'Y', 100, '2016-12-13 10:50:53'),
(195, 20, 1, 'mattbrock4', 2, 'Y', 100, '2016-12-13 10:50:58'),
(196, 18, 1, 'Lil_Wang', 2, 'Y', 100, '2016-12-13 14:57:13'),
(197, 39, 1, 'Lil_Wang', 1, 'Y', 100, '2016-12-13 14:57:25'),
(198, 27, 1, 'Lil_Wang', 2, 'Y', 100, '2016-12-13 14:57:38'),
(199, 3, 1, 'Lil_Wang', 2, 'Y', 100, '2016-12-13 14:57:53'),
(200, 14, 1, 'Lil_Wang', 1, 'Y', 100, '2016-12-13 14:58:07'),
(201, 25, 1, 'Lil_Wang', 1, 'Y', 100, '2016-12-13 14:58:26'),
(202, 5, 1, 'Lil_Wang', 2, 'Y', 100, '2016-12-13 14:58:33'),
(203, 1, 1, 'Lil_Wang', 2, 'Y', 100, '2016-12-13 14:58:40'),
(204, 34, 1, 'Lil_Wang', 1, 'Y', 100, '2016-12-13 14:58:48'),
(205, 12, 1, 'Lil_Wang', 1, 'Y', 100, '2016-12-13 14:59:00'),
(206, 19, 1, 'Lil_Wang', 2, 'Y', 100, '2016-12-13 14:59:21'),
(207, 7, 1, 'Lil_Wang', 2, 'Y', 100, '2016-12-13 14:59:40'),
(208, 4, 1, 'Lil_Wang', 2, 'Y', 100, '2016-12-13 14:59:46'),
(209, 42, 1, 'Lil_Wang', 1, 'Y', 100, '2016-12-13 14:59:52'),
(210, 35, 1, 'Lil_Wang', 1, 'Y', 100, '2016-12-13 15:00:01'),
(211, 37, 1, 'Lil_Wang', 1, 'Y', 100, '2016-12-13 15:00:10'),
(212, 10, 1, 'Lil_Wang', 1, 'Y', 100, '2016-12-13 15:00:31'),
(213, 23, 1, 'Lil_Wang', 1, 'Y', 100, '2016-12-13 15:00:46'),
(214, 31, 1, 'Lil_Wang', 2, 'Y', 100, '2016-12-13 15:01:20'),
(215, 28, 1, 'Lil_Wang', 2, 'Y', 100, '2016-12-13 15:01:29'),
(216, 30, 1, 'Lil_Wang', 2, 'Y', 100, '2016-12-13 15:01:35'),
(217, 36, 1, 'Lil_Wang', 1, 'Y', 100, '2016-12-13 15:01:47'),
(218, 6, 1, 'Lil_Wang', 1, 'Y', 100, '2016-12-13 15:01:57'),
(219, 20, 1, 'Lil_Wang', 2, 'Y', 100, '2016-12-13 15:02:06'),
(220, 42, 1, 'cdb69', 1, 'N', 0, '2016-12-13 15:43:56'),
(221, 23, 1, 'cdb69', 1, 'N', 0, '2016-12-13 15:44:27'),
(222, 4, 1, 'cdb69', 1, 'N', 0, '2016-12-13 15:45:13'),
(223, 6, 1, 'Lil_Wang', 2, 'Y', 100, '2016-12-13 20:10:26'),
(224, 25, 1, 'Lil_Wang', 2, 'Y', 100, '2016-12-13 20:10:34'),
(225, 42, 1, 'Lil_Wang', 2, 'Y', 100, '2016-12-13 20:10:39'),
(226, 36, 1, 'Lil_Wang', 2, 'Y', 100, '2016-12-13 20:11:20'),
(227, 12, 1, 'Lil_Wang', 2, 'Y', 100, '2016-12-13 20:11:27'),
(228, 39, 1, 'Lil_Wang', 2, 'Y', 100, '2016-12-13 20:11:33'),
(229, 23, 1, 'Lil_Wang', 2, 'Y', 100, '2016-12-13 20:11:42'),
(230, 37, 1, 'Lil_Wang', 2, 'Y', 100, '2016-12-13 20:12:08'),
(231, 10, 1, 'Lil_Wang', 2, 'Y', 100, '2016-12-13 20:12:15'),
(232, 34, 1, 'Lil_Wang', 2, 'Y', 100, '2016-12-13 20:12:36'),
(233, 35, 1, 'Lil_Wang', 2, 'Y', 100, '2016-12-13 20:12:44'),
(234, 14, 1, 'Lil_Wang', 2, 'Y', 100, '2016-12-13 20:12:57'),
(235, 31, 1, 'LAB212_pitt', 1, 'Y', 100, '2016-12-13 21:50:57'),
(236, 14, 1, 'LAB212_pitt', 1, 'N', 0, '2016-12-13 21:51:17'),
(237, 28, 1, 'LAB212_pitt', 1, 'Y', 100, '2016-12-13 21:51:34'),
(238, 42, 1, 'LAB212_pitt', 1, 'N', 0, '2016-12-13 21:52:09'),
(239, 39, 1, 'LAB212_pitt', 1, 'Y', 100, '2016-12-13 21:52:28'),
(240, 12, 1, 'LAB212_pitt', 1, 'N', 0, '2016-12-13 21:52:42'),
(241, 7, 1, 'LAB212_pitt', 1, 'Y', 100, '2016-12-13 21:52:57'),
(242, 19, 1, 'LAB212_pitt', 1, 'Y', 100, '2016-12-13 21:54:09'),
(243, 35, 1, 'LAB212_pitt', 1, 'N', 0, '2016-12-13 21:54:21'),
(244, 5, 1, 'LAB212_pitt', 1, 'Y', 100, '2016-12-13 21:54:42'),
(245, 28, 1, 'olb13', 2, 'Y', 100, '2016-12-14 00:14:43'),
(246, 39, 1, 'olb13', 1, 'Y', 100, '2016-12-14 00:15:00'),
(247, 20, 1, 'olb13', 2, 'Y', 100, '2016-12-14 00:15:09'),
(248, 30, 1, 'olb13', 2, 'Y', 100, '2016-12-14 00:15:18'),
(249, 23, 1, 'olb13', 1, 'Y', 100, '2016-12-14 00:15:35'),
(250, 25, 1, 'olb13', 1, 'Y', 100, '2016-12-14 00:15:56'),
(251, 37, 1, 'olb13', 1, 'Y', 100, '2016-12-14 00:16:32'),
(252, 19, 1, 'olb13', 2, 'Y', 100, '2016-12-14 00:16:44'),
(253, 4, 1, 'olb13', 2, 'Y', 100, '2016-12-14 00:16:50'),
(254, 5, 1, 'LAB212_pitt', 2, 'Y', 100, '2016-12-14 07:52:08'),
(255, 3, 1, 'LAB212_pitt', 1, 'Y', 100, '2016-12-14 07:52:19'),
(256, 31, 1, 'LAB212_pitt', 2, 'Y', 100, '2016-12-14 07:52:33'),
(257, 10, 1, 'LAB212_pitt', 1, 'N', 0, '2016-12-14 07:54:15'),
(258, 18, 1, 'LAB212_pitt', 1, 'Y', 100, '2016-12-14 07:54:27'),
(259, 42, 1, 'LAB212_pitt', 2, 'Y', 100, '2016-12-14 07:54:32'),
(260, 35, 1, 'LAB212_pitt', 2, 'Y', 100, '2016-12-14 07:54:43'),
(261, 37, 1, 'LAB212_pitt', 1, 'N', 0, '2016-12-14 07:54:58'),
(262, 36, 1, 'LAB212_pitt', 1, 'N', 0, '2016-12-14 07:55:07'),
(263, 27, 1, 'LAB212_pitt', 1, 'Y', 100, '2016-12-14 07:55:15'),
(264, 14, 1, 'LAB212_pitt', 2, 'N', 0, '2016-12-14 07:55:33'),
(265, 12, 1, 'LAB212_pitt', 2, 'N', 0, '2016-12-14 07:55:42'),
(266, 28, 1, 'LAB212_pitt', 2, 'N', 0, '2016-12-14 07:55:57'),
(267, 20, 1, 'LAB212_pitt', 1, 'Y', 100, '2016-12-14 07:56:11'),
(268, 25, 1, 'LAB212_pitt', 1, 'N', 0, '2016-12-14 07:56:23'),
(269, 6, 1, 'LAB212_pitt', 1, 'N', 0, '2016-12-14 07:56:44'),
(270, 7, 1, 'LAB212_pitt', 2, 'Y', 100, '2016-12-14 07:56:51'),
(271, 4, 1, 'LAB212_pitt', 1, 'Y', 100, '2016-12-14 07:57:00'),
(272, 30, 1, 'LAB212_pitt', 1, 'N', 0, '2016-12-14 07:57:08'),
(273, 1, 1, 'LAB212_pitt', 1, 'Y', 100, '2016-12-14 07:57:16'),
(274, 34, 1, 'LAB212_pitt', 1, 'N', 0, '2016-12-14 07:57:33'),
(275, 39, 1, 'LAB212_pitt', 2, 'Y', 100, '2016-12-14 07:57:44'),
(276, 23, 1, 'LAB212_pitt', 1, 'Y', 100, '2016-12-14 07:57:58'),
(277, 19, 1, 'LAB212_pitt', 2, 'Y', 100, '2016-12-14 07:58:06'),
(278, 23, 1, 'Lil_Wang', 3, 'Y', 100, '2016-12-14 10:26:15'),
(279, 4, 1, 'Lil_Wang', 3, 'Y', 100, '2016-12-14 10:26:28'),
(280, 42, 1, 'Lil_Wang', 3, 'Y', 100, '2016-12-14 10:26:34'),
(281, 14, 1, 'Lil_Wang', 3, 'Y', 100, '2016-12-14 10:26:55'),
(282, 27, 1, 'Lil_Wang', 3, 'Y', 100, '2016-12-14 10:27:04'),
(283, 36, 1, 'Lil_Wang', 3, 'Y', 100, '2016-12-14 10:35:44'),
(284, 30, 1, 'Lil_Wang', 3, 'Y', 100, '2016-12-14 10:35:56'),
(285, 1, 1, 'Lil_Wang', 3, 'Y', 100, '2016-12-14 10:36:02'),
(286, 12, 1, 'Lil_Wang', 3, 'Y', 100, '2016-12-14 10:36:10'),
(287, 10, 1, 'Lil_Wang', 3, 'Y', 100, '2016-12-14 10:36:18'),
(288, 18, 1, 'Lil_Wang', 3, 'Y', 100, '2016-12-14 10:36:25'),
(289, 6, 1, 'Lil_Wang', 3, 'Y', 100, '2016-12-14 10:36:31'),
(290, 35, 1, 'Lil_Wang', 3, 'Y', 100, '2016-12-14 10:36:36'),
(291, 28, 1, 'Lil_Wang', 3, 'Y', 100, '2016-12-14 10:36:43'),
(292, 39, 1, 'Lil_Wang', 3, 'Y', 100, '2016-12-14 10:36:50'),
(293, 31, 1, 'Lil_Wang', 3, 'Y', 100, '2016-12-14 10:37:08'),
(294, 3, 1, 'Lil_Wang', 3, 'Y', 100, '2016-12-14 10:37:33'),
(295, 34, 1, 'Lil_Wang', 3, 'Y', 100, '2016-12-14 10:37:41'),
(296, 37, 1, 'Lil_Wang', 3, 'N', 0, '2016-12-14 10:37:58'),
(297, 7, 1, 'Lil_Wang', 3, 'Y', 100, '2016-12-14 10:38:08'),
(298, 20, 1, 'Lil_Wang', 3, 'Y', 100, '2016-12-14 10:38:19'),
(299, 25, 1, 'Lil_Wang', 3, 'Y', 100, '2016-12-14 10:38:27'),
(300, 5, 1, 'Lil_Wang', 3, 'Y', 100, '2016-12-14 10:38:36'),
(301, 19, 1, 'Lil_Wang', 3, 'Y', 100, '2016-12-14 10:38:44'),
(302, 14, 1, 'Zjinli', 1, 'Y', 100, '2016-12-14 11:12:15'),
(303, 39, 1, 'Zjinli', 1, 'Y', 100, '2016-12-14 11:12:23'),
(304, 25, 1, 'Zjinli', 1, 'Y', 100, '2016-12-14 11:12:40'),
(305, 36, 1, 'Zjinli', 1, 'Y', 100, '2016-12-14 11:12:48'),
(306, 35, 1, 'Zjinli', 1, 'N', 0, '2016-12-14 11:12:56'),
(307, 20, 1, 'Zjinli', 1, 'Y', 100, '2016-12-14 11:13:02'),
(308, 3, 1, 'Zjinli', 1, 'Y', 100, '2016-12-14 11:13:18'),
(309, 31, 1, 'Zjinli', 1, 'Y', 100, '2016-12-14 11:13:23'),
(310, 6, 1, 'Zjinli', 1, 'N', 0, '2016-12-14 11:13:31'),
(311, 4, 1, 'Zjinli', 1, 'Y', 100, '2016-12-14 11:13:44'),
(312, 5, 1, 'Zjinli', 1, 'Y', 100, '2016-12-14 11:13:48'),
(313, 1, 1, 'Zjinli', 1, 'N', 0, '2016-12-14 11:13:53'),
(314, 28, 1, 'Zjinli', 1, 'Y', 100, '2016-12-14 11:14:05'),
(315, 18, 1, 'Zjinli', 1, 'Y', 100, '2016-12-14 11:14:10'),
(316, 12, 1, 'Zjinli', 1, 'Y', 100, '2016-12-14 11:14:34'),
(317, 10, 1, 'Zjinli', 1, 'N', 0, '2016-12-14 11:14:43'),
(318, 37, 1, 'Zjinli', 1, 'Y', 100, '2016-12-14 11:14:53'),
(319, 30, 1, 'Zjinli', 1, 'N', 0, '2016-12-14 11:14:56'),
(320, 23, 1, 'Zjinli', 1, 'Y', 100, '2016-12-14 11:15:10'),
(321, 19, 1, 'Zjinli', 1, 'Y', 100, '2016-12-14 11:15:13'),
(322, 7, 1, 'Zjinli', 1, 'Y', 100, '2016-12-14 11:15:23'),
(323, 42, 1, 'Zjinli', 1, 'Y', 100, '2016-12-14 11:15:27'),
(324, 27, 1, 'Zjinli', 1, 'Y', 100, '2016-12-14 11:15:30'),
(325, 34, 1, 'Zjinli', 1, 'Y', 100, '2016-12-14 11:15:37'),
(326, 6, 1, 'BMURR', 1, 'N', 0, '2017-01-03 22:25:44'),
(327, 4, 1, 'BMURR', 1, 'N', 0, '2017-01-03 22:25:53'),
(328, 10, 1, 'BMURR', 1, 'N', 0, '2017-01-03 22:25:55'),
(329, 37, 1, 'BMURR', 1, 'N', 0, '2017-01-03 22:25:57'),
(330, 5, 1, 'BMURR', 1, 'N', 0, '2017-01-03 22:25:58'),
(331, 18, 1, 'mjb236', 1, 'Y', 100, '2017-01-27 08:41:01'),
(332, 28, 1, 'mjb236', 1, 'N', 0, '2017-01-27 08:41:19'),
(333, 37, 1, 'mjb236', 1, 'Y', 100, '2017-01-27 08:41:47'),
(334, 39, 1, 'mjb236', 1, 'Y', 100, '2017-01-27 08:42:17'),
(335, 4, 1, 'mjb236', 1, 'Y', 100, '2017-01-27 08:42:37'),
(336, 24, 1, 'mjb236', 1, 'Y', 100, '2017-02-05 20:42:54'),
(337, 9, 1, 'mjb236', 1, 'N', 0, '2017-02-05 20:43:01'),
(338, 16, 1, 'mjb236', 1, 'Y', 100, '2017-02-05 20:43:11'),
(339, 38, 1, 'mjb236', 1, 'N', 0, '2017-02-05 20:43:20'),
(340, 44, 1, 'mjb236', 1, 'N', 0, '2017-02-05 20:43:29'),
(341, 8, 1, 'mjb236', 1, 'Y', 100, '2017-02-05 20:44:20'),
(342, 15, 1, 'mjb236', 1, 'Y', 100, '2017-02-06 20:30:45'),
(343, 15, 1, 'lizieaxes', 1, 'Y', 100, '2017-02-06 20:32:17'),
(344, 15, 1, 'mjb236', 2, 'Y', 100, '2017-02-06 20:36:48'),
(345, 33, 1, 'mjb236', 1, 'Y', 100, '2017-02-06 20:36:51'),
(346, 33, 1, 'mjb236', 2, 'Y', 100, '2017-02-06 20:38:27'),
(347, 41, 1, 'mjb236', 1, 'Y', 100, '2017-02-06 20:38:32'),
(348, 15, 1, 'mjb236', 3, 'Y', 100, '2017-02-06 20:38:36'),
(349, 15, 1, 'lizieaxes', 2, 'Y', 100, '2017-02-06 20:53:02'),
(350, 33, 1, 'lizieaxes', 1, 'N', 0, '2017-02-06 20:53:38'),
(351, 41, 1, 'lizieaxes', 1, 'Y', 100, '2017-02-06 20:53:57'),
(352, 15, 1, 'lizieaxes', 3, 'Y', 100, '2017-02-06 20:55:12'),
(353, 33, 1, 'lizieaxes', 2, 'Y', 100, '2017-02-06 20:55:17'),
(354, 41, 1, 'lizieaxes', 2, 'Y', 100, '2017-02-06 20:55:22'),
(355, 1, 1, 'mjb236', 1, 'Y', 100, '2017-02-24 14:32:18'),
(356, 1, 1, 'mjb236', 2, 'N', 0, '2017-02-24 14:36:47'),
(357, 18, 1, 'mjb236', 2, 'Y', 100, '2017-02-26 18:57:18'),
(358, 28, 1, 'mjb236', 2, 'N', 0, '2017-02-26 18:57:27'),
(359, 13, 1, 'mjb236', 1, 'N', 0, '2017-02-26 18:58:16'),
(360, 43, 1, 'mjb236', 1, 'N', 0, '2017-02-26 18:58:24'),
(361, 26, 1, 'mjb236', 1, 'N', 0, '2017-02-26 19:00:10'),
(362, 29, 1, 'mjb236', 1, 'N', 0, '2017-02-26 19:00:18'),
(363, 43, 1, 'mjb236', 2, 'Y', 100, '2017-02-26 19:00:20'),
(364, 2, 1, 'mjb236', 1, 'N', 0, '2017-02-26 19:00:22'),
(365, 40, 1, 'mjb236', 1, 'N', 0, '2017-02-26 19:00:23'),
(366, 17, 1, 'mjb236', 1, 'N', 0, '2017-02-26 19:01:38'),
(367, 29, 1, 'mjb236', 2, 'N', 0, '2017-02-26 19:02:14'),
(368, 21, 1, 'mjb236', 1, 'N', 0, '2017-02-26 19:02:54'),
(369, 40, 1, 'mjb236', 2, 'N', 0, '2017-02-26 19:02:56'),
(370, 26, 1, 'mjb236', 2, 'N', 0, '2017-02-26 19:02:58'),
(371, 43, 1, 'mjb236', 3, 'N', 0, '2017-02-26 19:06:12'),
(372, 13, 1, 'mjb236', 2, 'N', 0, '2017-02-26 19:06:15'),
(373, 26, 1, 'mjb236', 3, 'Y', 100, '2017-02-26 19:06:23'),
(374, 2, 1, 'mjb236', 2, 'N', 0, '2017-02-26 19:13:59'),
(375, 13, 1, 'mjb236', 3, 'N', 0, '2017-02-26 19:14:52'),
(376, 43, 1, 'mjb236', 4, 'N', 0, '2017-02-26 19:14:55'),
(377, 2, 1, 'mjb236', 3, 'N', 0, '2017-02-26 19:14:57'),
(378, 29, 1, 'mjb236', 3, 'Y', 100, '2017-02-26 19:14:59'),
(379, 22, 1, 'mjb236', 1, 'Y', 100, '2017-02-26 19:15:01'),
(380, 13, 1, 'mjb236', 4, 'Y', 100, '2017-02-26 19:15:05'),
(381, 26, 1, 'mjb236', 4, 'Y', 100, '2017-02-26 19:15:08'),
(382, 2, 1, 'mjb236', 4, 'N', 0, '2017-02-26 19:31:13'),
(383, 32, 1, 'mjb236', 1, 'N', 0, '2017-02-26 19:31:18'),
(384, 21, 1, 'mjb236', 2, 'N', 0, '2017-02-26 19:31:22'),
(385, 40, 1, 'mjb236', 3, 'Y', 100, '2017-02-26 19:31:27'),
(386, 43, 1, 'mjb236', 5, 'N', 0, '2017-02-26 19:31:31'),
(387, 17, 1, 'mjb236', 2, 'N', 0, '2017-02-26 19:38:42'),
(388, 17, 1, 'mjb236', 3, 'N', 0, '2017-02-26 19:39:07'),
(389, 17, 1, 'mjb236', 4, 'N', 0, '2017-02-26 19:39:14'),
(390, 17, 1, 'mjb236', 5, 'N', 0, '2017-02-26 20:37:59'),
(391, 17, 1, 'mjb236', 6, 'N', 0, '2017-02-26 20:39:09'),
(392, 12, 1, 'mjb236', 1, 'N', 0, '2017-02-26 20:39:28'),
(393, 23, 1, 'mjb236', 1, 'N', 0, '2017-02-26 20:53:33'),
(394, 25, 1, 'mjb236', 1, 'N', 0, '2017-02-26 20:54:08'),
(395, 17, 1, 'mjb236', 7, 'Y', 100, '2017-03-01 20:47:21'),
(396, 17, 1, 'mjb236', 8, 'N', 0, '2017-03-01 20:47:49'),
(397, 17, 1, 'mjb236', 9, 'N', 0, '2017-03-01 20:48:47'),
(398, 17, 1, 'mjb236', 10, 'N', 0, '2017-03-01 21:02:56'),
(399, 17, 1, 'mjb236', 11, 'Y', 100, '2017-03-01 21:03:47'),
(400, 17, 1, 'mjb236', 12, 'N', 0, '2017-03-01 21:07:36'),
(401, 17, 1, 'mjb236', 13, 'N', 0, '2017-03-01 21:15:14'),
(402, 17, 1, 'mjb236', 14, 'Y', 100, '2017-03-01 21:17:48'),
(403, 17, 1, 'mjb236', 15, 'N', 0, '2017-03-01 21:18:57'),
(404, 17, 1, 'mjb236', 16, 'N', 0, '2017-03-01 21:19:45'),
(405, 36, 1, 'mjb236', 1, 'N', 0, '2017-03-01 21:22:29'),
(406, 1, 1, 'mjb236', 3, 'N', 0, '2017-03-01 21:23:29'),
(407, 25, 1, 'mjb236', 2, 'N', 0, '2017-03-01 21:25:18'),
(408, 34, 1, 'mjb236', 1, 'N', 0, '2017-03-01 21:26:45'),
(409, 10, 1, 'mjb236', 1, 'N', 0, '2017-03-01 21:28:35'),
(410, 36, 1, 'mjb236', 2, 'Y', 100, '2017-03-01 21:30:44'),
(411, 6, 1, 'mjb236', 1, 'N', 0, '2017-03-01 21:32:16'),
(412, 25, 1, 'mjb236', 3, 'Y', 100, '2017-03-01 21:33:22'),
(413, 10, 1, 'mjb236', 2, 'N', 0, '2017-03-01 21:39:23'),
(414, 36, 1, 'mjb236', 3, 'N', 0, '2017-03-01 21:43:04'),
(415, 18, 1, 'mjb236', 3, 'N', 0, '2017-03-01 21:45:12'),
(416, 6, 1, 'mjb236', 2, 'N', 0, '2017-03-01 21:46:07'),
(417, 28, 1, 'mjb236', 3, 'N', 0, '2017-03-01 21:46:50'),
(418, 12, 1, 'mjb236', 2, 'N', 0, '2017-03-01 21:48:05'),
(419, 3, 1, 'mjb236', 1, 'Y', 100, '2017-03-01 21:49:06'),
(420, 3, 1, 'mjb236', 2, 'N', 0, '2017-03-01 21:51:12'),
(421, 5, 1, 'mjb236', 1, 'N', 0, '2017-03-01 21:53:29'),
(422, 12, 1, 'mjb236', 3, 'N', 0, '2017-03-01 21:54:01'),
(423, 42, 1, 'mjb236', 1, 'Y', 100, '2017-03-01 21:54:17'),
(424, 23, 1, 'mjb236', 2, 'N', 0, '2017-03-01 21:56:18'),
(425, 28, 1, 'mjb236', 4, 'N', 0, '2017-03-01 21:56:59'),
(426, 37, 1, 'mjb236', 2, 'Y', 100, '2017-03-11 15:01:52'),
(427, 17, 1, 'mjb236', 17, 'N', 0, '2017-03-11 15:15:10'),
(428, 17, 1, 'mjb236', 18, 'Y', 73, '2017-03-17 15:15:13'),
(429, 23, 1, 'mjb236', 3, 'N', 0, '2017-03-17 15:21:28'),
(430, 10, 1, 'mjb236', 3, 'N', 0, '2017-03-17 15:22:46'),
(431, 27, 1, 'mjb236', 1, 'N', 0, '2017-03-17 15:24:05'),
(432, 20, 1, 'mjb236', 1, 'N', 0, '2017-03-17 15:24:07'),
(433, 39, 1, 'mjb236', 2, 'N', 0, '2017-03-17 15:24:08'),
(434, 17, 1, 'mjb236', 19, 'Y', 66, '2017-03-17 15:25:15'),
(435, 17, 1, 'mjb236', 20, 'Y', 59, '2017-03-17 15:25:49'),
(436, 35, 1, 'mjb236', 1, 'N', 0, '2017-03-20 14:21:07'),
(437, 5, 1, 'mjb236', 2, 'N', 0, '2017-03-20 14:21:11'),
(438, 12, 1, 'mjb236', 4, 'N', 0, '2017-03-20 14:21:12'),
(439, 19, 1, 'mjb236', 1, 'N', 0, '2017-03-20 14:21:14'),
(440, 20, 1, 'mjb236', 2, 'N', 0, '2017-03-20 14:21:16'),
(441, 28, 1, 'mjb236', 5, 'N', 0, '2017-03-20 14:21:20'),
(442, 23, 1, 'mjb236', 4, 'Y', 100, '2017-03-20 14:21:29'),
(443, 31, 1, 'mjb236', 1, 'N', 0, '2017-03-20 14:21:32'),
(444, 7, 1, 'mjb236', 1, 'Y', 100, '2017-03-20 14:21:34'),
(445, 37, 1, 'mjb236', 3, 'N', 0, '2017-03-20 14:21:35'),
(446, 17, 1, 'mjb236', 21, 'N', 0, '2017-03-20 14:22:57'),
(447, 1, 1, 'mjb236', 4, 'N', 0, '2017-03-20 14:23:12'),
(448, 42, 1, 'mjb236', 2, 'N', 0, '2017-03-20 14:23:15'),
(449, 28, 1, 'mjb236', 6, 'N', 0, '2017-03-20 14:23:17'),
(450, 19, 1, 'mjb236', 2, 'N', 0, '2017-03-20 14:23:19'),
(451, 25, 1, 'mjb236', 4, 'N', 0, '2017-03-20 14:23:20'),
(452, 37, 1, 'mjb236', 4, 'N', 0, '2017-03-20 14:23:22'),
(453, 31, 1, 'mjb236', 2, 'Y', 100, '2017-03-20 14:23:24'),
(454, 3, 1, 'mjb236', 3, 'N', 0, '2017-03-20 14:25:52'),
(455, 39, 1, 'mjb236', 3, 'N', 0, '2017-03-20 14:25:55'),
(456, 35, 1, 'mjb236', 2, 'Y', 100, '2017-03-20 14:25:57'),
(457, 19, 1, 'mjb236', 3, 'N', 0, '2017-03-20 14:26:00'),
(458, 12, 1, 'mjb236', 5, 'Y', 100, '2017-03-20 14:26:03'),
(459, 18, 1, 'mjb236', 4, 'N', 0, '2017-03-20 14:26:05'),
(460, 28, 1, 'mjb236', 7, 'Y', 100, '2017-03-20 14:26:08'),
(461, 10, 1, 'mjb236', 4, 'N', 0, '2017-03-20 14:26:10'),
(462, 5, 1, 'mjb236', 3, 'N', 0, '2017-03-20 14:26:14'),
(463, 34, 1, 'mjb236', 2, 'Y', 100, '2017-03-20 14:26:17'),
(464, 1, 1, 'mjb236', 5, 'N', 0, '2017-03-20 14:26:19'),
(465, 42, 1, 'mjb236', 3, 'Y', 90, '2017-03-20 14:26:21'),
(466, 37, 1, 'mjb236', 5, 'N', 0, '2017-03-20 14:26:24'),
(467, 27, 1, 'mjb236', 2, 'N', 0, '2017-03-20 14:26:27'),
(468, 25, 1, 'mjb236', 5, 'N', 0, '2017-03-20 14:26:31'),
(469, 42, 1, 'mjb236', 4, 'N', 0, '2017-03-20 14:26:44'),
(470, 5, 1, 'mjb236', 4, 'N', 0, '2017-03-20 14:44:08'),
(471, 25, 1, 'mjb236', 6, 'Y', 90, '2017-03-20 14:44:10'),
(472, 34, 1, 'mjb236', 3, 'Y', 90, '2017-03-20 14:44:13'),
(473, 1, 1, 'mjb236', 6, 'N', 0, '2017-03-20 14:44:45'),
(474, 10, 1, 'mjb236', 5, 'N', 0, '2017-03-20 14:44:48'),
(475, 35, 1, 'mjb236', 3, 'Y', 90, '2017-03-20 14:44:50'),
(476, 27, 1, 'mjb236', 3, 'N', 0, '2017-03-20 14:44:52'),
(477, 28, 1, 'mjb236', 8, 'N', 0, '2017-03-20 14:51:46'),
(478, 7, 1, 'mjb236', 2, 'N', 0, '2017-03-20 14:51:48'),
(479, 37, 1, 'mjb236', 6, 'N', 0, '2017-03-20 14:51:51'),
(480, 20, 1, 'mjb236', 3, 'Y', 100, '2017-03-20 14:51:58'),
(481, 12, 1, 'mjb236', 6, 'Y', 90, '2017-03-20 14:53:56'),
(482, 7, 1, 'mjb236', 3, 'N', 0, '2017-03-20 14:57:54'),
(483, 35, 1, 'mjb236', 4, 'N', 0, '2017-03-20 14:57:56'),
(484, 5, 1, 'mjb236', 5, 'N', 0, '2017-03-20 14:57:58'),
(485, 4, 1, 'mjb236', 2, 'N', 0, '2017-03-20 14:58:00'),
(486, 42, 1, 'mjb236', 5, 'N', 0, '2017-03-20 14:58:02'),
(487, 18, 1, 'mjb236', 5, 'N', 0, '2017-03-20 14:58:04'),
(488, 1, 1, 'mjb236', 7, 'Y', 90, '2017-03-20 14:58:06'),
(489, 10, 1, 'mjb236', 6, 'Y', 100, '2017-03-20 14:58:08'),
(490, 25, 1, 'mjb236', 7, 'N', 0, '2017-03-20 14:58:10'),
(491, 34, 1, 'mjb236', 4, 'Y', 81, '2017-03-20 14:58:12'),
(492, 14, 1, 'mjb236', 1, 'N', 0, '2017-03-20 14:58:19'),
(493, 7, 1, 'mjb236', 4, 'N', 0, '2017-03-20 14:58:21'),
(494, 42, 1, 'mjb236', 6, 'Y', 81, '2017-03-20 14:58:23'),
(495, 4, 1, 'mjb236', 3, 'N', 0, '2017-03-20 14:58:26'),
(496, 31, 1, 'mjb236', 3, 'N', 0, '2017-03-20 14:58:29'),
(497, 39, 1, 'mjb236', 4, 'N', 0, '2017-03-20 14:58:31'),
(498, 25, 1, 'mjb236', 8, 'N', 0, '2017-03-20 14:58:33'),
(499, 37, 1, 'mjb236', 7, 'Y', 81, '2017-03-20 14:58:35'),
(500, 27, 1, 'mjb236', 4, 'N', 0, '2017-03-20 14:58:37'),
(501, 18, 1, 'mjb236', 6, 'Y', 81, '2017-03-20 14:58:39'),
(502, 12, 1, 'mjb236', 7, 'N', 0, '2017-03-20 14:58:44'),
(503, 1, 1, 'mjb236', 8, 'Y', 81, '2017-03-20 14:58:47'),
(504, 31, 1, 'mjb236', 4, 'N', 0, '2017-03-20 14:58:49'),
(505, 28, 1, 'mjb236', 9, 'N', 0, '2017-03-20 14:58:51'),
(506, 7, 1, 'mjb236', 5, 'N', 0, '2017-03-20 14:58:53'),
(507, 14, 1, 'mjb236', 2, 'N', 0, '2017-03-20 14:58:56'),
(508, 27, 1, 'mjb236', 5, 'N', 0, '2017-03-20 14:58:59'),
(509, 4, 1, 'mjb236', 4, 'N', 0, '2017-03-20 14:59:01'),
(510, 37, 1, 'mjb236', 8, 'N', 0, '2017-03-20 14:59:03'),
(511, 36, 1, 'mjb236', 4, 'N', 0, '2017-03-20 14:59:05'),
(512, 4, 1, 'mjb236', 5, 'N', 0, '2017-03-20 14:59:18'),
(513, 14, 1, 'mjb236', 3, 'N', 0, '2017-03-20 14:59:20'),
(514, 42, 1, 'mjb236', 7, 'N', 0, '2017-03-20 14:59:24'),
(515, 20, 1, 'mjb236', 4, 'Y', 90, '2017-03-20 14:59:26'),
(516, 19, 1, 'mjb236', 4, 'Y', 100, '2017-03-20 14:59:29'),
(517, 3, 1, 'mjb236', 4, 'Y', 90, '2017-03-20 14:59:31'),
(518, 10, 1, 'mjb236', 7, 'N', 0, '2017-03-20 14:59:33'),
(519, 7, 1, 'mjb236', 6, 'N', 0, '2017-03-20 14:59:35'),
(520, 1, 1, 'mjb236', 9, 'N', 0, '2017-03-20 14:59:37'),
(521, 39, 1, 'mjb236', 5, 'N', 0, '2017-03-20 14:59:40'),
(522, 1, 1, 'mjb236', 10, 'Y', 73, '2017-03-20 14:59:48'),
(523, 6, 1, 'mjb236', 3, 'Y', 100, '2017-03-20 14:59:51'),
(524, 42, 1, 'mjb236', 8, 'Y', 73, '2017-03-20 14:59:53'),
(525, 27, 1, 'mjb236', 6, 'N', 0, '2017-03-20 14:59:54'),
(526, 25, 1, 'mjb236', 9, 'N', 0, '2017-03-20 14:59:56'),
(527, 31, 1, 'mjb236', 5, 'Y', 90, '2017-03-20 15:00:01'),
(528, 1, 1, 'mjb236', 11, 'Y', 66, '2017-03-20 15:00:04'),
(529, 7, 1, 'mjb236', 7, 'N', 0, '2017-03-20 15:00:05'),
(530, 39, 1, 'mjb236', 6, 'Y', 90, '2017-03-20 15:00:07'),
(531, 18, 1, 'mjb236', 7, 'N', 0, '2017-03-20 15:00:09'),
(532, 5, 1, 'mjb236', 6, 'N', 0, '2017-03-20 15:00:20'),
(533, 20, 1, 'mjb236', 5, 'Y', 81, '2017-03-20 15:00:22'),
(534, 42, 1, 'mjb236', 9, 'N', 0, '2017-03-20 15:00:24'),
(535, 14, 1, 'mjb236', 4, 'N', 0, '2017-03-20 15:00:27'),
(536, 25, 1, 'mjb236', 10, 'Y', 81, '2017-03-20 15:00:28'),
(537, 3, 1, 'mjb236', 5, 'N', 0, '2017-03-20 15:00:30'),
(538, 12, 1, 'mjb236', 8, 'N', 0, '2017-03-20 15:00:32'),
(539, 35, 1, 'mjb236', 5, 'N', 0, '2017-03-20 15:00:34'),
(540, 7, 1, 'mjb236', 8, 'N', 0, '2017-03-20 15:00:35'),
(541, 31, 1, 'mjb236', 6, 'Y', 81, '2017-03-20 15:00:38'),
(542, 28, 1, 'mjb236', 10, 'Y', 90, '2017-03-20 15:00:40'),
(543, 27, 1, 'mjb236', 7, 'N', 0, '2017-03-20 15:00:43'),
(544, 19, 1, 'mjb236', 5, 'N', 0, '2017-03-20 15:00:44'),
(545, 39, 1, 'mjb236', 7, 'N', 0, '2017-03-20 15:00:46'),
(546, 23, 1, 'mjb236', 5, 'N', 0, '2017-03-20 15:00:51'),
(547, 14, 1, 'mjb236', 5, 'N', 0, '2017-03-20 15:21:22'),
(548, 3, 1, 'mjb236', 6, 'N', 0, '2017-03-20 15:21:27'),
(549, 37, 1, 'mjb236', 9, 'N', 0, '2017-03-20 15:21:29'),
(550, 39, 1, 'mjb236', 8, 'N', 0, '2017-03-20 15:21:31'),
(551, 42, 1, 'mjb236', 10, 'N', 0, '2017-03-20 15:21:33'),
(552, 31, 1, 'mjb236', 7, 'N', 0, '2017-03-20 15:21:35'),
(553, 25, 1, 'mjb236', 11, 'N', 0, '2017-03-20 15:21:37'),
(554, 5, 1, 'mjb236', 7, 'N', 0, '2017-03-20 15:21:39'),
(555, 4, 1, 'mjb236', 6, 'N', 0, '2017-03-20 15:21:41'),
(556, 28, 1, 'mjb236', 11, 'N', 0, '2017-03-20 15:21:43'),
(557, 27, 1, 'mjb236', 8, 'N', 0, '2017-03-20 16:28:48'),
(558, 39, 1, 'mjb236', 9, 'Y', 81, '2017-03-20 16:28:51'),
(559, 28, 1, 'mjb236', 12, 'N', 0, '2017-03-20 16:28:53'),
(560, 42, 1, 'mjb236', 11, 'N', 0, '2017-03-20 16:28:56'),
(561, 14, 1, 'mjb236', 6, 'N', 0, '2017-03-20 16:28:59'),
(562, 7, 1, 'mjb236', 9, 'Y', 90, '2017-03-20 16:29:01'),
(563, 12, 1, 'mjb236', 9, 'N', 0, '2017-03-20 16:29:04'),
(564, 6, 1, 'mjb236', 4, 'Y', 90, '2017-03-20 16:29:05'),
(565, 5, 1, 'mjb236', 8, 'N', 0, '2017-03-20 16:29:07'),
(566, 37, 1, 'mjb236', 10, 'N', 0, '2017-03-20 16:29:08'),
(567, 35, 1, 'mjb236', 6, 'N', 0, '2017-03-20 16:29:11'),
(568, 3, 1, 'mjb236', 7, 'N', 0, '2017-03-20 16:29:13'),
(569, 34, 1, 'mjb236', 5, 'Y', 73, '2017-03-20 16:29:15'),
(570, 19, 1, 'mjb236', 6, 'N', 0, '2017-03-20 16:29:17'),
(571, 19, 1, 'mjb236', 7, 'N', 0, '2017-03-20 16:30:41'),
(572, 39, 1, 'mjb236', 10, 'N', 0, '2017-03-20 16:30:43'),
(573, 42, 1, 'mjb236', 12, 'N', 0, '2017-03-20 16:30:44'),
(574, 3, 1, 'mjb236', 8, 'N', 0, '2017-03-20 16:30:46'),
(575, 7, 1, 'mjb236', 10, 'Y', 81, '2017-03-20 16:30:48'),
(576, 37, 1, 'mjb236', 11, 'N', 0, '2017-03-20 16:33:37'),
(577, 36, 1, 'mjb236', 5, 'N', 0, '2017-03-20 17:16:13'),
(578, 25, 1, 'mjb236', 12, 'N', 0, '2017-03-20 17:16:17'),
(579, 39, 1, 'mjb236', 11, 'N', 0, '2017-03-20 17:16:18'),
(580, 12, 1, 'mjb236', 10, 'Y', 81, '2017-03-20 17:16:20'),
(581, 37, 1, 'mjb236', 12, 'Y', 73, '2017-03-20 17:16:21'),
(582, 17, 1, 'mjb236', 22, 'Y', 53, '2017-03-20 17:33:28'),
(583, 17, 1, 'mjb236', 23, 'Y', 48, '2017-03-20 17:46:30'),
(584, 17, 1, 'mjb236', 24, 'N', 0, '2017-03-20 17:48:09'),
(585, 17, 1, 'mjb236', 25, 'Y', 43, '2017-03-20 17:48:44'),
(586, 17, 1, 'mjb236', 26, 'N', 0, '2017-03-20 17:51:18'),
(587, 20, 1, 'mjb236', 6, 'Y', 73, '2017-03-20 17:52:18'),
(588, 36, 1, 'mjb236', 6, 'Y', 90, '2017-03-20 17:52:40'),
(589, 34, 1, 'mjb236', 6, 'Y', 66, '2017-03-20 17:52:42'),
(590, 37, 1, 'mjb236', 13, 'Y', 66, '2017-03-20 17:52:43'),
(591, 42, 1, 'mjb236', 13, 'N', 0, '2017-03-20 17:53:18'),
(592, 12, 1, 'mjb236', 11, 'N', 0, '2017-03-20 17:53:30'),
(593, 23, 1, 'mjb236', 6, 'N', 0, '2017-03-20 17:53:35'),
(594, 7, 1, 'mjb236', 11, 'N', 0, '2017-03-20 17:53:37'),
(595, 10, 1, 'mjb236', 8, 'N', 0, '2017-03-21 18:58:26'),
(596, 27, 1, 'mjb236', 9, 'Y', 100, '2017-03-21 18:58:31'),
(597, 31, 1, 'mjb236', 8, 'Y', 73, '2017-03-21 18:58:43'),
(598, 35, 1, 'mjb236', 7, 'N', 0, '2017-03-21 18:58:51'),
(599, 3, 1, 'mjb236', 9, 'Y', 81, '2017-03-21 18:59:01'),
(600, 17, 1, 'mjb236', 27, 'N', 0, '2017-03-21 21:18:43'),
(601, 42, 1, 'mjb236', 14, 'N', 0, '2017-03-21 21:24:14'),
(602, 5, 1, 'mjb236', 9, 'Y', 100, '2017-03-21 21:24:52'),
(603, 17, 1, 'mjb236', 28, 'Y', 39, '2017-03-27 20:33:13'),
(604, 17, 1, 'mjb236', 29, 'Y', 35, '2017-03-27 20:34:50'),
(605, 37, 1, 'mjb236', 14, 'N', 0, '2017-03-27 20:52:51'),
(606, 5, 1, 'mjb236', 10, 'Y', 90, '2017-03-27 20:52:53'),
(607, 31, 1, 'mjb236', 9, 'N', 0, '2017-03-27 22:37:06'),
(608, 17, 1, 'mjb236', 30, 'Y', 31, '2017-03-27 22:37:19'),
(609, 10, 1, 'mjb236', 9, 'N', 0, '2017-03-27 22:37:30'),
(610, 31, 1, 'mjb236', 10, 'N', 0, '2017-03-27 22:37:31'),
(611, 7, 1, 'mjb236', 12, 'N', 0, '2017-03-27 22:37:33'),
(612, 42, 1, 'mjb236', 15, 'N', 0, '2017-03-27 22:37:34'),
(613, 34, 1, 'mjb236', 7, 'Y', 59, '2017-03-27 22:37:35'),
(614, 17, 1, 'mjb236', 31, 'N', 0, '2017-03-28 20:33:45'),
(615, 17, 68, 'mjb236', 32, 'N', 0, '2017-03-28 20:59:24'),
(616, 17, 65, 'mjb236', 33, 'Y', 28, '2017-03-28 20:59:32'),
(617, 17, 65, 'mjb236', 34, 'Y', 25, '2017-03-28 20:59:59'),
(618, 17, 65, 'metacortex', 1, 'Y', 100, '2017-03-28 23:34:40'),
(619, 45, 180, 'mjb236', 1, 'Y', 100, '2017-03-31 14:16:56'),
(620, 46, 182, 'mjb236', 1, 'Y', 100, '2017-03-31 14:37:29'),
(621, 46, 181, 'mjb236', 2, 'N', 0, '2017-03-31 14:37:39'),
(622, 17, 65, 'dabest', 1, 'Y', 100, '2017-03-31 15:42:43'),
(623, 50, 197, 'dabest', 1, 'Y', 100, '2017-03-31 15:47:49'),
(624, 17, 65, 'mjb236', 35, 'Y', 23, '2017-04-01 11:13:04'),
(625, 39, 156, 'mjb236', 12, 'Y', 73, '2017-04-02 19:03:45'),
(626, 28, 110, 'mjb236', 13, 'N', 0, '2017-04-02 19:03:50'),
(627, 5, 17, 'mjb236', 11, 'Y', 81, '2017-04-02 19:03:55'),
(628, 35, 139, 'mjb236', 8, 'Y', 81, '2017-04-02 19:04:01'),
(629, 3, 12, 'mjb236', 10, 'Y', 73, '2017-04-02 19:04:08'),
(630, 17, 65, 'mjb236', 36, 'Y', 21, '2017-04-02 19:14:44'),
(631, 14, 53, 'mjb236', 7, 'N', 0, '2017-04-02 19:45:14'),
(632, 34, 135, 'mjb236', 8, 'N', 0, '2017-04-02 19:45:19'),
(633, 1, 4, 'mjb236', 12, 'N', 0, '2017-04-02 19:45:27'),
(634, 23, 90, 'mjb236', 7, 'Y', 90, '2017-04-02 19:45:32'),
(635, 28, 112, 'mjb236', 14, 'N', 0, '2017-04-02 19:45:39'),
(636, 7, 25, 'mjb236', 13, 'N', 0, '2017-04-02 20:01:35'),
(637, 28, 112, 'mjb236', 15, 'N', 0, '2017-04-02 20:01:37'),
(638, 4, 13, 'mjb236', 7, 'N', 0, '2017-04-02 20:21:12'),
(639, 28, 111, 'mjb236', 16, 'N', 0, '2017-04-02 20:21:14'),
(640, 25, 98, 'mjb236', 13, 'N', 0, '2017-04-02 20:21:16'),
(641, 12, 47, 'mjb236', 12, 'N', 0, '2017-04-02 20:21:18'),
(642, 7, 25, 'mjb236', 14, 'N', 0, '2017-04-02 20:21:20'),
(643, 52, 205, 'mjb236', 1, 'Y', 100, '2017-04-02 20:35:10'),
(644, 52, 206, 'mjb236', 2, 'N', 0, '2017-04-02 20:35:16'),
(645, 52, 208, 'mjb236', 3, 'N', 0, '2017-04-02 20:44:38'),
(646, 17, 65, 'mjb236', 37, 'Y', 19, '2017-04-02 21:24:12'),
(647, 51, 203, 'mjb236', 1, 'Y', 100, '2017-04-02 21:24:15'),
(648, 51, 202, 'mjb236', 2, 'N', 0, '2017-04-02 21:44:24'),
(649, 17, 66, 'mjb236', 38, 'N', 0, '2017-04-02 21:44:26'),
(650, 30, 117, 'mjb236', 1, 'N', 0, '2017-04-07 20:54:47'),
(651, 53, 210, 'mjb236', 1, 'Y', 100, '2017-04-07 20:55:53'),
(652, 51, 203, 'mjb236', 3, 'Y', 90, '2017-04-08 15:40:00'),
(653, 17, 65, 'mjb236', 39, 'Y', 17, '2017-04-08 15:40:03'),
(654, 17, 65, 'mjb236', 40, 'Y', 15, '2017-04-09 11:54:26'),
(655, 51, 203, 'mjb236', 4, 'Y', 81, '2017-04-09 11:54:28'),
(656, 51, 203, 'mjb236', 5, 'Y', 73, '2017-04-09 12:59:47'),
(657, 17, 65, 'mjb236', 41, 'Y', 14, '2017-04-09 12:59:50'),
(658, 17, 66, 'mjb236', 42, 'N', 0, '2017-04-09 13:07:29'),
(659, 51, 201, 'mjb236', 6, 'N', 0, '2017-04-09 13:07:30'),
(660, 51, 201, 'mjb236', 7, 'N', 0, '2017-04-09 13:07:39'),
(661, 17, 65, 'mjb236', 43, 'Y', 12, '2017-04-09 13:07:40'),
(662, 51, 203, 'mjb236', 8, 'Y', 66, '2017-04-09 13:22:47'),
(663, 17, 65, 'mjb236', 44, 'Y', 11, '2017-04-09 13:22:50'),
(664, 51, 201, 'mjb236', 9, 'N', 0, '2017-04-09 13:22:54'),
(665, 17, 67, 'mjb236', 45, 'N', 0, '2017-04-09 13:22:57'),
(666, 35, 139, 'mjb236', 9, 'Y', 73, '2017-04-09 13:25:50'),
(667, 51, 203, 'mjb236', 10, 'Y', 59, '2017-04-09 13:27:49'),
(668, 52, 205, 'mjb236', 4, 'Y', 90, '2017-04-09 13:30:44'),
(669, 4, 14, 'mjb236', 8, 'N', 0, '2017-04-09 13:31:19');

--
-- Triggers `answer_log`
--
DROP TRIGGER IF EXISTS `trg_addAttemptNumber`;
DELIMITER $$
CREATE TRIGGER `trg_addAttemptNumber` BEFORE INSERT ON `answer_log` FOR EACH ROW BEGIN
DECLARE attempt INT(10);
SELECT (count(*) + 1) INTO attempt
FROM answer_log
WHERE username = new.username AND question_id = new.question_id;
SET new.attempt_number = attempt;
END
$$
DELIMITER ;
DROP TRIGGER IF EXISTS `trg_addAttemptToQuestion`;
DELIMITER $$
CREATE TRIGGER `trg_addAttemptToQuestion` AFTER INSERT ON `answer_log` FOR EACH ROW BEGIN
  IF new.correct_flag = 'Y' THEN
    UPDATE question
    SET
      times_correctly_answered = times_correctly_answered + 1,
      times_answered = times_answered + 1
    WHERE question_id = new.question_id;
    UPDATE user
    SET score = score + new.score
    WHERE username = new.username;
  ELSE
  	UPDATE question
    SET
      times_answered = times_answered + 1
    WHERE question_id = new.question_id;
  END IF;
END
$$
DELIMITER ;
DROP TRIGGER IF EXISTS `trg_answerLogBackup`;
DELIMITER $$
CREATE TRIGGER `trg_answerLogBackup` BEFORE DELETE ON `answer_log` FOR EACH ROW BEGIN
  INSERT INTO deleted_answer_log
    (answer_log_id, question_id, answer_id, username, attempt_number, correct_flag, score, created_date)
  VALUES
    (OLD.answer_log_id, OLD.question_id, OLD.answer_id, OLD.username, OLD.attempt_number, OLD.correct_flag, OLD.score, OLD.created_date);
END
$$
DELIMITER ;

-- --------------------------------------------------------

--
-- Table structure for table `bug_report`
--

DROP TABLE IF EXISTS `bug_report`;
CREATE TABLE `bug_report` (
  `report_id` int(10) UNSIGNED NOT NULL,
  `username` varchar(20) NOT NULL,
  `report_text` varchar(350) NOT NULL,
  `created_date` datetime NOT NULL DEFAULT CURRENT_TIMESTAMP
) ENGINE=InnoDB DEFAULT CHARSET=latin1;

--
-- Dumping data for table `bug_report`
--

INSERT INTO `bug_report` (`report_id`, `username`, `report_text`, `created_date`) VALUES
(1, 'mjb236', 'This is a test.', '2017-03-20 16:24:32'),
(2, 'mjb236', 'This is a bug report.', '2017-03-20 16:33:57'),
(4, 'mjb236', 'Buggggggggg', '2017-03-20 16:35:23'),
(5, 'mjb236', 'What\'s up', '2017-03-20 17:09:46'),
(6, 'mjb236', 'Check out this bug.', '2017-03-21 21:18:58'),
(7, 'mjb236', 'Not sure the email worked.', '2017-03-21 21:25:04'),
(8, 'mjb236', 'REPORT!!!!', '2017-03-21 22:07:51'),
(9, 'mjb236', 'Testing the report feature.', '2017-03-27 20:24:29'),
(10, 'mjb236', 'Maybe you should let people have profile pictures.', '2017-03-27 20:30:29'),
(11, 'mjb236', 'Just testing this again.', '2017-03-27 20:52:36'),
(12, 'mjb236', 'Another test.', '2017-03-27 21:49:28'),
(13, 'butts', 'Butt report.', '2017-03-30 21:40:40'),
(14, 'butts', 'REPORTING!\n', '2017-03-30 21:42:04'),
(15, 'mjb236', 'BUG REPORT', '2017-04-02 19:01:08'),
(16, 'mjb236', 'Still work?', '2017-04-02 19:33:14'),
(17, 'mjb236', 'Still doing ok?', '2017-04-02 21:45:10');

--
-- Triggers `bug_report`
--
DROP TRIGGER IF EXISTS `trg_bugReportBackup`;
DELIMITER $$
CREATE TRIGGER `trg_bugReportBackup` BEFORE DELETE ON `bug_report` FOR EACH ROW BEGIN
  INSERT INTO deleted_bug_report
    (report_id, username, report_text, created_date)
  VALUES
    (OLD.report_id, OLD.username, OLD.report_text, OLD.created_date);
END
$$
DELIMITER ;

-- --------------------------------------------------------

--
-- Table structure for table `category`
--

DROP TABLE IF EXISTS `category`;
CREATE TABLE `category` (
  `category_id` int(10) UNSIGNED NOT NULL,
  `category_name` varchar(50) NOT NULL,
  `description` varchar(256) DEFAULT NULL,
  `verified_flag` enum('Y','N') NOT NULL DEFAULT 'N',
  `active_flag` enum('Y','N') NOT NULL DEFAULT 'N',
  `created_date` datetime NOT NULL DEFAULT CURRENT_TIMESTAMP,
  `created_by` varchar(20) NOT NULL,
  `last_updated_date` datetime NOT NULL DEFAULT CURRENT_TIMESTAMP ON UPDATE CURRENT_TIMESTAMP,
  `last_updated_by` varchar(20) NOT NULL
) ENGINE=InnoDB DEFAULT CHARSET=latin1;

--
-- Dumping data for table `category`
--

INSERT INTO `category` (`category_id`, `category_name`, `description`, `verified_flag`, `active_flag`, `created_date`, `created_by`, `last_updated_date`, `last_updated_by`) VALUES
(1, 'Anatomy & Physiology', NULL, 'Y', 'Y', '2017-02-07 22:10:46', 'mjb236', '2017-03-27 22:27:47', 'mjb236'),
(2, 'BioChemistry', NULL, 'Y', 'Y', '2017-02-07 22:10:46', 'mjb236', '2017-03-27 22:38:48', 'mjb236'),
(3, 'Mike\'s Test Category', NULL, 'Y', 'N', '2017-02-07 22:10:46', 'mjb236', '2017-03-27 22:38:51', 'mjb236'),
(4, 'Mike', NULL, 'Y', 'N', '2017-02-07 22:10:46', 'mjb236', '2017-03-27 22:38:51', 'mjb236'),
(5, 'Self-Care', NULL, 'Y', 'Y', '2017-02-07 22:10:46', 'mjb236', '2017-03-27 22:27:49', 'mjb236'),
(6, 'Top Drugs 1-60', NULL, 'Y', 'Y', '2017-02-07 22:10:46', 'mjb236', '2017-03-27 22:37:24', 'mjb236'),
(7, 'Hello > Test', NULL, 'Y', 'N', '2017-02-18 23:33:56', 'mjb236', '2017-04-02 20:16:58', 'mjb236'),
(14, 'Test Category', NULL, 'N', 'N', '2017-03-31 13:08:29', 'mjb236', '2017-04-02 21:44:39', 'mjb236'),
(17, 'New Test Category', NULL, 'N', 'Y', '2017-03-31 14:38:26', 'mjb236', '2017-03-31 14:38:26', 'mjb236'),
(18, 'MEMES', NULL, 'N', 'N', '2017-03-31 15:45:44', 'dabest', '2017-03-31 15:50:33', 'dabest'),
(19, 'selfcare', NULL, 'N', 'N', '2017-04-01 10:51:11', 'mjb236', '2017-04-02 20:18:39', 'mjb236'),
(20, 'Testing After JS', NULL, 'N', 'Y', '2017-04-02 20:25:53', 'mjb236', '2017-04-02 20:25:53', 'mjb236');

--
-- Triggers `category`
--
DROP TRIGGER IF EXISTS `trg_categoryBackup`;
DELIMITER $$
CREATE TRIGGER `trg_categoryBackup` BEFORE DELETE ON `category` FOR EACH ROW BEGIN
  INSERT INTO deleted_category
    (category_id, category_name, description, verified_flag, active_flag, created_date, created_by, last_updated_date, last_updated_by)
  VALUES
    (OLD.category_id, OLD.category_name, OLD.description, OLD.verified_flag, OLD.active_flag, OLD.created_date, OLD.created_by, OLD.last_updated_date, OLD.last_updated_by);
END
$$
DELIMITER ;
DROP TRIGGER IF EXISTS `trg_updateQuizStatus`;
DELIMITER $$
CREATE TRIGGER `trg_updateQuizStatus` AFTER UPDATE ON `category` FOR EACH ROW BEGIN
IF new.active_flag = 'N' THEN
  UPDATE quiz q
  SET q.active_flag = 'N'
  WHERE q.category_id = new.category_id;
ELSEIF new.active_flag = 'Y' THEN
  UPDATE quiz q
  SET q.active_flag = 'Y'
  WHERE q.category_id = new.category_id;
END IF;
END
$$
DELIMITER ;

-- --------------------------------------------------------

--
-- Table structure for table `deleted_answer`
--

DROP TABLE IF EXISTS `deleted_answer`;
CREATE TABLE `deleted_answer` (
  `answer_id` int(10) UNSIGNED DEFAULT NULL,
  `question_id` int(10) UNSIGNED DEFAULT NULL,
  `answer_text` varchar(256) DEFAULT NULL,
  `correct_flag` enum('Y','N') DEFAULT NULL,
  `times_chosen` int(10) UNSIGNED DEFAULT NULL,
  `created_date` datetime DEFAULT NULL,
  `last_updated_date` datetime DEFAULT NULL,
  `last_updated_by` varchar(20) DEFAULT NULL,
  `deleted_date` datetime NOT NULL DEFAULT CURRENT_TIMESTAMP
) ENGINE=InnoDB DEFAULT CHARSET=latin1;

-- --------------------------------------------------------

--
-- Table structure for table `deleted_answer_log`
--

DROP TABLE IF EXISTS `deleted_answer_log`;
CREATE TABLE `deleted_answer_log` (
  `answer_log_id` int(10) UNSIGNED NOT NULL,
  `question_id` int(10) UNSIGNED NOT NULL,
  `answer_id` int(10) UNSIGNED NOT NULL,
  `username` varchar(20) NOT NULL,
  `attempt_number` int(10) NOT NULL,
  `correct_flag` enum('Y','N') NOT NULL,
  `score` int(10) NOT NULL,
  `created_date` datetime NOT NULL,
  `deleted_date` datetime NOT NULL DEFAULT CURRENT_TIMESTAMP
) ENGINE=InnoDB DEFAULT CHARSET=latin1;

--
-- Dumping data for table `deleted_answer_log`
--

INSERT INTO `deleted_answer_log` (`answer_log_id`, `question_id`, `answer_id`, `username`, `attempt_number`, `correct_flag`, `score`, `created_date`, `deleted_date`) VALUES
(107, 7, 0, 'atayyy', 1, 'Y', 100, '2016-12-11 13:42:08', '2017-03-28 20:25:46'),
(108, 4, 0, 'atayyy', 1, 'Y', 100, '2016-12-11 13:42:19', '2017-03-28 20:25:46'),
(109, 27, 0, 'atayyy', 1, 'Y', 100, '2016-12-11 13:42:27', '2017-03-28 20:25:46'),
(110, 31, 0, 'atayyy', 1, 'Y', 100, '2016-12-11 13:42:35', '2017-03-28 20:25:46'),
(111, 1, 0, 'atayyy', 1, 'Y', 100, '2016-12-11 13:42:42', '2017-03-28 20:25:46'),
(112, 18, 0, 'atayyy', 1, 'Y', 100, '2016-12-11 13:42:49', '2017-03-28 20:25:46'),
(113, 19, 0, 'atayyy', 1, 'Y', 100, '2016-12-11 13:42:55', '2017-03-28 20:25:46'),
(114, 3, 0, 'atayyy', 1, 'N', 0, '2016-12-11 13:43:11', '2017-03-28 20:25:46'),
(115, 20, 0, 'atayyy', 1, 'Y', 100, '2016-12-11 13:43:24', '2017-03-28 20:25:46'),
(116, 30, 0, 'atayyy', 1, 'Y', 100, '2016-12-11 13:43:30', '2017-03-28 20:25:46'),
(117, 5, 0, 'atayyy', 1, 'Y', 100, '2016-12-11 13:43:34', '2017-03-28 20:25:46'),
(118, 28, 0, 'atayyy', 1, 'Y', 100, '2016-12-11 13:43:39', '2017-03-28 20:25:46'),
(62, 27, 0, 'dhm14', 1, 'Y', 100, '2016-12-10 13:17:15', '2017-03-28 21:16:34'),
(63, 7, 0, 'dhm14', 1, 'Y', 100, '2016-12-10 13:17:25', '2017-03-28 21:16:34'),
(64, 19, 0, 'dhm14', 1, 'Y', 100, '2016-12-10 13:17:33', '2017-03-28 21:16:34'),
(65, 4, 0, 'dhm14', 1, 'Y', 100, '2016-12-10 13:17:39', '2017-03-28 21:16:34'),
(66, 31, 0, 'dhm14', 1, 'Y', 100, '2016-12-10 13:17:43', '2017-03-28 21:16:34'),
(12, 17, 0, 'smc156', 1, 'Y', 100, '2016-11-21 11:36:46', '2017-03-28 21:20:07'),
(13, 11, 0, 'smc156', 1, 'Y', 100, '2016-11-21 11:37:01', '2017-03-28 21:20:07'),
(50, 4, 1, 'akk54', 1, 'Y', 100, '2016-12-09 21:08:16', '2017-04-04 20:35:22'),
(51, 5, 1, 'akk54', 1, 'N', 0, '2016-12-09 21:08:23', '2017-04-04 20:35:22'),
(52, 18, 1, 'akk54', 1, 'Y', 100, '2016-12-09 21:08:29', '2017-04-04 20:35:22'),
(53, 28, 1, 'akk54', 1, 'N', 0, '2016-12-09 21:08:36', '2017-04-04 20:35:22'),
(54, 3, 1, 'akk54', 1, 'N', 0, '2016-12-09 21:08:43', '2017-04-04 20:35:22'),
(55, 27, 1, 'akk54', 1, 'Y', 100, '2016-12-09 21:08:48', '2017-04-04 20:35:22'),
(56, 20, 1, 'akk54', 1, 'Y', 100, '2016-12-09 21:08:55', '2017-04-04 20:35:22'),
(57, 19, 1, 'akk54', 1, 'Y', 100, '2016-12-09 21:09:01', '2017-04-04 20:35:22'),
(58, 30, 1, 'akk54', 1, 'N', 0, '2016-12-09 21:09:06', '2017-04-04 20:35:22'),
(59, 31, 1, 'akk54', 1, 'Y', 100, '2016-12-09 21:09:10', '2017-04-04 20:35:22'),
(60, 7, 1, 'akk54', 1, 'N', 0, '2016-12-09 21:09:15', '2017-04-04 20:35:22'),
(61, 1, 1, 'akk54', 1, 'Y', 100, '2016-12-09 21:09:22', '2017-04-04 20:35:22');

-- --------------------------------------------------------

--
-- Table structure for table `deleted_bug_report`
--

DROP TABLE IF EXISTS `deleted_bug_report`;
CREATE TABLE `deleted_bug_report` (
  `report_id` int(10) UNSIGNED DEFAULT NULL,
  `username` varchar(20) DEFAULT NULL,
  `report_text` varchar(350) DEFAULT NULL,
  `created_date` datetime DEFAULT NULL,
  `deleted_date` datetime NOT NULL DEFAULT CURRENT_TIMESTAMP
) ENGINE=InnoDB DEFAULT CHARSET=latin1;

-- --------------------------------------------------------

--
-- Table structure for table `deleted_category`
--

DROP TABLE IF EXISTS `deleted_category`;
CREATE TABLE `deleted_category` (
  `category_id` int(10) UNSIGNED DEFAULT NULL,
  `category_name` varchar(50) DEFAULT NULL,
  `description` varchar(256) DEFAULT NULL,
  `verified_flag` enum('Y','N') DEFAULT NULL,
  `active_flag` enum('Y','N') DEFAULT NULL,
  `created_date` datetime DEFAULT NULL,
  `created_by` varchar(20) DEFAULT NULL,
  `last_updated_date` datetime DEFAULT NULL,
  `last_updated_by` varchar(20) DEFAULT NULL,
  `deleted_date` datetime NOT NULL DEFAULT CURRENT_TIMESTAMP
) ENGINE=InnoDB DEFAULT CHARSET=latin1;

-- --------------------------------------------------------

--
-- Table structure for table `deleted_flagged_questions`
--

DROP TABLE IF EXISTS `deleted_flagged_questions`;
CREATE TABLE `deleted_flagged_questions` (
  `flagged_question_id` int(10) UNSIGNED DEFAULT NULL,
  `question_id` int(10) UNSIGNED DEFAULT NULL,
  `problem_text` text,
  `flagged_by_user` varchar(20) DEFAULT NULL,
  `created_date` datetime DEFAULT NULL,
  `deleted_date` datetime NOT NULL DEFAULT CURRENT_TIMESTAMP
) ENGINE=InnoDB DEFAULT CHARSET=latin1;

-- --------------------------------------------------------

--
-- Table structure for table `deleted_question`
--

DROP TABLE IF EXISTS `deleted_question`;
CREATE TABLE `deleted_question` (
  `question_id` int(10) UNSIGNED DEFAULT NULL,
  `quiz_id` int(10) UNSIGNED DEFAULT NULL,
  `question_text` varchar(500) DEFAULT NULL,
  `score` int(10) UNSIGNED DEFAULT NULL,
  `times_correctly_answered` int(10) UNSIGNED DEFAULT NULL,
  `times_answered` int(10) UNSIGNED DEFAULT NULL,
  `explanation` varchar(500) DEFAULT NULL,
  `verified_flag` enum('Y','N') DEFAULT NULL,
  `active_flag` enum('Y','N') DEFAULT NULL,
  `removed_flag` enum('Y','N') DEFAULT NULL,
  `removed_date` datetime DEFAULT NULL,
  `image_url` varchar(256) DEFAULT NULL,
  `created_date` datetime DEFAULT NULL,
  `created_by` varchar(20) DEFAULT NULL,
  `last_updated_date` datetime DEFAULT NULL,
  `last_updated_by` varchar(20) DEFAULT NULL,
  `deleted_date` datetime NOT NULL DEFAULT CURRENT_TIMESTAMP
) ENGINE=InnoDB DEFAULT CHARSET=latin1;

-- --------------------------------------------------------

--
-- Table structure for table `deleted_quiz`
--

DROP TABLE IF EXISTS `deleted_quiz`;
CREATE TABLE `deleted_quiz` (
  `quiz_id` int(10) UNSIGNED DEFAULT NULL,
  `category_id` int(10) UNSIGNED DEFAULT NULL,
  `quiz_name` varchar(50) DEFAULT NULL,
  `description` varchar(256) DEFAULT NULL,
  `active_flag` enum('Y','N') DEFAULT NULL,
  `removed_flag` enum('Y','N') DEFAULT NULL,
  `removed_date` datetime DEFAULT NULL,
  `created_date` datetime DEFAULT NULL,
  `created_by` varchar(20) DEFAULT NULL,
  `last_updated_date` datetime DEFAULT NULL,
  `last_updated_by` varchar(20) DEFAULT NULL,
  `deleted_date` datetime NOT NULL DEFAULT CURRENT_TIMESTAMP
) ENGINE=InnoDB DEFAULT CHARSET=latin1;

-- --------------------------------------------------------

--
-- Table structure for table `deleted_user`
--

DROP TABLE IF EXISTS `deleted_user`;
CREATE TABLE `deleted_user` (
  `username` varchar(20) DEFAULT NULL,
  `password` varchar(60) DEFAULT NULL,
  `email_address` varchar(256) DEFAULT NULL,
  `score` int(10) DEFAULT NULL,
  `admin_flag` enum('Y','N') DEFAULT NULL,
  `owner_flag` enum('Y','N') DEFAULT NULL,
  `active_flag` enum('Y','N') DEFAULT NULL,
  `registered_date` datetime DEFAULT NULL,
  `deleted_date` datetime NOT NULL DEFAULT CURRENT_TIMESTAMP
) ENGINE=InnoDB DEFAULT CHARSET=latin1;

-- --------------------------------------------------------

--
-- Table structure for table `deleted_user_profile`
--

DROP TABLE IF EXISTS `deleted_user_profile`;
CREATE TABLE `deleted_user_profile` (
  `username` varchar(20) DEFAULT NULL,
  `full_name` varchar(50) DEFAULT NULL,
  `year` varchar(10) DEFAULT NULL,
  `employer` varchar(50) DEFAULT NULL,
  `interests` varchar(256) DEFAULT NULL,
  `bio` varchar(500) DEFAULT NULL,
  `image_url` varchar(256) DEFAULT NULL,
  `created_date` datetime DEFAULT NULL,
  `last_updated_date` datetime DEFAULT NULL,
  `last_updated_by` varchar(20) DEFAULT NULL,
  `deleted_date` datetime NOT NULL DEFAULT CURRENT_TIMESTAMP
) ENGINE=InnoDB DEFAULT CHARSET=latin1;

-- --------------------------------------------------------

--
-- Table structure for table `deleted_votes`
--

DROP TABLE IF EXISTS `deleted_votes`;
CREATE TABLE `deleted_votes` (
  `question_id` int(10) UNSIGNED DEFAULT NULL,
  `username` varchar(20) DEFAULT NULL,
  `value` tinyint(4) DEFAULT NULL,
  `created_date` datetime DEFAULT NULL,
  `last_updated_date` datetime DEFAULT NULL,
  `deleted_date` datetime NOT NULL DEFAULT CURRENT_TIMESTAMP
) ENGINE=InnoDB DEFAULT CHARSET=latin1;

-- --------------------------------------------------------

--
-- Table structure for table `flagged_questions`
--

DROP TABLE IF EXISTS `flagged_questions`;
CREATE TABLE `flagged_questions` (
  `flagged_question_id` int(10) UNSIGNED NOT NULL,
  `question_id` int(10) UNSIGNED NOT NULL,
  `problem_text` text NOT NULL,
  `flagged_by_user` varchar(20) NOT NULL,
  `created_date` datetime NOT NULL DEFAULT CURRENT_TIMESTAMP
) ENGINE=InnoDB DEFAULT CHARSET=latin1;

--
-- Dumping data for table `flagged_questions`
--

INSERT INTO `flagged_questions` (`flagged_question_id`, `question_id`, `problem_text`, `flagged_by_user`, `created_date`) VALUES
(1, 3, 'One more time.', 'mjb236', '2017-03-01 21:49:11'),
(2, 3, 'Hello', 'mjb236', '2017-03-01 21:52:03'),
(3, 12, 'REPORT!', 'mjb236', '2017-03-01 21:54:08'),
(4, 23, 'Sending this.', 'mjb236', '2017-03-01 21:56:24'),
(5, 28, 'Hey watch.', 'mjb236', '2017-03-01 21:57:10'),
(6, 37, 'This question sucks.', 'mjb236', '2017-03-11 15:01:59'),
(8, 10, 'omg', 'mjb236', '2017-03-17 15:23:54'),
(9, 20, 'Found a bug', 'mjb236', '2017-03-20 17:52:28'),
(10, 7, 'TESTING', 'mjb236', '2017-03-20 17:53:42'),
(11, 42, 'Testing emailing for question flag.', 'mjb236', '2017-03-21 21:24:27'),
(18, 17, 'Too easy', 'mjb236', '2017-03-27 20:41:21'),
(19, 5, 'Biguanide?', 'mjb236', '2017-03-27 20:53:00'),
(20, 52, 'Testing the flagging after moving the javascript.', 'mjb236', '2017-04-02 20:44:53'),
(21, 35, 'FLUCONAZOLE', 'mjb236', '2017-04-09 13:26:00');

--
-- Triggers `flagged_questions`
--
DROP TRIGGER IF EXISTS `trg_flaggedQuestionBackup`;
DELIMITER $$
CREATE TRIGGER `trg_flaggedQuestionBackup` BEFORE DELETE ON `flagged_questions` FOR EACH ROW BEGIN
  INSERT INTO deleted_flagged_questions
    (flagged_question_id, question_id, problem_text, flagged_by_user, created_date)
  VALUES
    (OLD.flagged_question_id, OLD.question_id, OLD.problem_text, OLD.flagged_by_user, OLD.created_date);
END
$$
DELIMITER ;

-- --------------------------------------------------------

--
-- Table structure for table `question`
--

DROP TABLE IF EXISTS `question`;
CREATE TABLE `question` (
  `question_id` int(10) UNSIGNED NOT NULL,
  `quiz_id` int(10) UNSIGNED NOT NULL,
  `question_text` varchar(500) NOT NULL,
  `score` int(10) UNSIGNED NOT NULL DEFAULT '100',
  `times_correctly_answered` int(10) UNSIGNED NOT NULL DEFAULT '0',
  `times_answered` int(10) UNSIGNED NOT NULL DEFAULT '0',
  `explanation` varchar(500) DEFAULT NULL,
  `verified_flag` enum('Y','N') NOT NULL DEFAULT 'N',
  `active_flag` enum('Y','N') NOT NULL DEFAULT 'N',
  `removed_flag` enum('Y','N') NOT NULL DEFAULT 'N',
  `removed_date` datetime DEFAULT NULL,
  `image_url` varchar(256) DEFAULT NULL,
  `created_date` datetime NOT NULL DEFAULT CURRENT_TIMESTAMP,
  `created_by` varchar(20) NOT NULL,
  `last_updated_date` datetime NOT NULL DEFAULT CURRENT_TIMESTAMP ON UPDATE CURRENT_TIMESTAMP,
  `last_updated_by` varchar(20) NOT NULL
) ENGINE=InnoDB DEFAULT CHARSET=latin1;

--
-- Dumping data for table `question`
--

INSERT INTO `question` (`question_id`, `quiz_id`, `question_text`, `score`, `times_correctly_answered`, `times_answered`, `explanation`, `verified_flag`, `active_flag`, `removed_flag`, `removed_date`, `image_url`, `created_date`, `created_by`, `last_updated_date`, `last_updated_by`) VALUES
(1, 12, 'Which one is NOT a brand name for hydrocodone/acetaminophen?', 100, 17, 28, NULL, 'Y', 'Y', 'N', NULL, NULL, '2016-12-08 00:00:00', 'sgs38', '2017-04-02 19:45:27', 'sgs38'),
(2, 1, 'Which of the following is NOT an opioid analgesic?', 100, 0, 4, NULL, 'Y', 'Y', 'N', NULL, NULL, '2016-12-08 00:00:00', 'emcgeary', '2017-03-27 22:27:44', 'emcgeary'),
(3, 12, 'Which of the following generic/brand name pairs do NOT match up?', 100, 15, 26, NULL, 'Y', 'Y', 'N', NULL, NULL, '2016-12-08 00:00:00', 'sgs38', '2017-04-02 19:04:08', 'sgs38'),
(4, 12, 'What is Toprol XL\'s drug class?', 100, 19, 30, NULL, 'Y', 'Y', 'N', NULL, NULL, '2016-12-08 00:00:00', 'sgs38', '2017-04-09 13:31:19', 'sgs38'),
(5, 12, 'What is metformin\'s drug class?', 100, 17, 29, NULL, 'Y', 'Y', 'N', NULL, NULL, '2016-12-08 00:00:00', 'sgs38', '2017-04-02 19:03:55', 'sgs38'),
(6, 12, 'Which Antidepressant should be tapered when use is discontinued?', 100, 5, 10, NULL, 'Y', 'Y', 'N', NULL, NULL, '2016-12-12 00:00:00', 'Lil_Wang', '2017-03-27 22:37:13', 'Lil_Wang'),
(7, 12, 'Which of the following is NOT used for hypertension?', 100, 18, 31, NULL, 'Y', 'Y', 'N', NULL, NULL, '2016-12-08 00:00:00', 'sgs38', '2017-04-02 20:21:20', 'sgs38'),
(8, 10, 'What is the brand name for amlodipine?', 100, 1, 1, NULL, 'Y', 'Y', 'N', NULL, NULL, '2016-12-08 00:00:00', 'sgs38', '2017-03-27 22:27:43', 'sgs38'),
(9, 10, 'What is the brand name for canagliflozin?', 100, 1, 3, NULL, 'Y', 'Y', 'N', NULL, NULL, '2016-12-08 00:00:00', 'sgs38', '2017-03-27 22:27:43', 'sgs38'),
(10, 12, 'Which drug is contraindicated for patients with severe Hepatic impairment or active/severe hepatic disease?', 100, 4, 15, 'Acetaminophen - max daily dose is 4g (4000mg)', 'Y', 'Y', 'N', NULL, NULL, '2016-12-12 00:00:00', 'Lil_Wang', '2017-03-27 22:37:30', 'Lil_Wang'),
(11, 3, 'Test Question: What creates Insulin', 100, 3, 3, 'The Pancreas is the site for the Beta-cell function.', 'Y', 'Y', 'N', NULL, NULL, '2016-11-14 00:00:00', 'Ra_vee', '2017-03-27 22:27:44', 'Ra_vee'),
(12, 12, 'Which DRUGS\'s MOA involves acting on mu-opioid receptors & weak inhibition of serotonin and norepinephrine?', 100, 7, 18, NULL, 'Y', 'Y', 'N', NULL, NULL, '2016-12-12 00:00:00', 'Lil_Wang', '2017-04-02 20:21:18', 'Lil_Wang'),
(13, 1, 'What is the brand name for Clopidogrel?', 100, 1, 4, NULL, 'Y', 'Y', 'N', NULL, NULL, '2016-12-08 00:00:00', 'emcgeary', '2017-03-27 22:27:44', 'emcgeary'),
(14, 12, 'Which pair consists of only SNRIs?', 100, 4, 13, NULL, 'Y', 'Y', 'N', NULL, NULL, '2016-12-12 00:00:00', 'Lil_Wang', '2017-04-02 19:45:14', 'Lil_Wang'),
(15, 4, 'Why do people have two legs?', 100, 6, 6, NULL, 'Y', 'Y', 'N', NULL, NULL, '2017-02-06 00:00:00', 'lizieaxes', '2017-03-27 22:38:47', 'lizieaxes'),
(16, 10, 'What is the brand name for naproxen?', 100, 4, 4, NULL, 'Y', 'Y', 'N', NULL, NULL, '2016-12-08 00:00:00', 'sgs38', '2017-03-27 22:27:43', 'sgs38'),
(17, 2, 'Test Question: Which part prevent food from entering the larynx?', 100, 40, 65, 'Epiglottis is found in the neck/throat where it can complete this function.', 'Y', 'Y', 'N', NULL, NULL, '2016-11-13 00:00:00', 'Ra_vee', '2017-04-09 13:22:57', 'Ra_vee'),
(18, 12, 'Which of the following is a loop diuretic?', 100, 18, 23, NULL, 'Y', 'Y', 'N', NULL, NULL, '2016-12-08 00:00:00', 'emcgeary', '2017-03-27 22:37:13', 'emcgeary'),
(19, 12, 'What is the brand name for sulfamethoxazole/trimethoprim?', 100, 21, 27, NULL, 'Y', 'Y', 'N', NULL, NULL, '2016-12-08 00:00:00', 'sgs38', '2017-03-27 22:37:13', 'sgs38'),
(20, 12, 'What is clopidogrel\'s drug class?', 100, 21, 24, NULL, 'Y', 'Y', 'N', NULL, NULL, '2016-12-08 00:00:00', 'sgs38', '2017-03-27 22:37:13', 'sgs38'),
(21, 1, 'Which antidepressant is contraindicated in patients with seizure disorders, or prior/current diagnosis of anorexia or bulimia?', 100, 0, 2, 'Includes both SR and XL forms of bupropion/wellbutrin.', 'Y', 'Y', 'N', NULL, NULL, '2016-12-12 00:00:00', 'Lil_Wang', '2017-03-27 22:27:44', 'Lil_Wang'),
(22, 1, 'Which of the following drugs has a varied effect depending on the patient\'s intake of leafy green vegetables?', 100, 1, 1, NULL, 'Y', 'Y', 'N', NULL, NULL, '2016-12-08 00:00:00', 'emcgeary', '2017-03-27 22:27:44', 'emcgeary'),
(23, 12, 'Which of the following is true about Naproxen and Ibuprofen?', 100, 8, 14, 'Naproxen has the lowest CV risk whereas Ibuprofen has the low GI risk.', 'Y', 'Y', 'N', NULL, NULL, '2016-12-12 00:00:00', 'Lil_Wang', '2017-04-02 19:45:32', 'Lil_Wang'),
(24, 10, 'What is self-care for headache?', 100, 4, 5, 'Acetaminophen is used for Headache.', 'Y', 'Y', 'N', NULL, NULL, '2016-11-28 00:00:00', 'Ra_vee', '2017-03-27 22:27:43', 'Ra_vee'),
(25, 12, 'Which drug (as per Dr. Berenbrok\'s Lecture slides) has a boxed warning regarding increased risk of MI and stroke?', 100, 8, 19, 'Celebrex is the answer, and its a cox 2 inhibitor.', 'Y', 'Y', 'N', NULL, NULL, '2016-12-12 00:00:00', 'Lil_Wang', '2017-04-02 20:21:16', 'Lil_Wang'),
(26, 1, 'What is the brand name for bupropion XL?', 100, 2, 4, NULL, 'Y', 'Y', 'N', NULL, NULL, '2016-12-08 00:00:00', 'sgs38', '2017-03-27 22:27:44', 'sgs38'),
(27, 12, 'Which drug is NOT an opioid?', 100, 18, 27, NULL, 'Y', 'Y', 'N', NULL, NULL, '2016-12-08 00:00:00', 'sgs38', '2017-03-27 22:37:13', 'sgs38'),
(28, 12, 'What is the brand name for liraglutide?', 100, 20, 37, NULL, 'Y', 'Y', 'N', NULL, NULL, '2016-12-08 00:00:00', 'sgs38', '2017-04-02 20:21:14', 'sgs38'),
(29, 1, 'Which opioid has a black box warning in regards to risk of fatal respiratory depression?', 100, 1, 3, NULL, 'Y', 'Y', 'N', NULL, NULL, '2016-12-12 00:00:00', 'Lil_Wang', '2017-03-27 22:27:44', 'Lil_Wang'),
(30, 12, 'What is the generic name for Vibramycin?', 100, 15, 20, NULL, 'Y', 'Y', 'N', NULL, NULL, '2016-12-08 00:00:00', 'sgs38', '2017-04-07 20:54:47', 'sgs38'),
(31, 12, 'What is the brand name for sitagliptin?', 100, 24, 30, NULL, 'Y', 'Y', 'N', NULL, NULL, '2016-12-08 00:00:00', 'sgs38', '2017-03-27 22:37:31', 'sgs38'),
(32, 1, 'Which of the following is a beta-blocker?', 100, 0, 1, NULL, 'Y', 'Y', 'N', NULL, NULL, '2016-12-08 00:00:00', 'emcgeary', '2017-03-27 22:27:44', 'emcgeary'),
(33, 4, 'How many licks does it take to get to the center of a Tootsie Pop?', 100, 3, 4, 'I am old.', 'Y', 'Y', 'N', NULL, NULL, '2017-02-06 00:00:00', 'mjb236', '2017-03-27 22:38:47', 'mjb236'),
(34, 12, 'Which opioid is contraindicated in patients who are non-tolerant to opioids?', 100, 10, 13, NULL, 'Y', 'Y', 'N', NULL, NULL, '2016-12-12 00:00:00', 'Lil_Wang', '2017-04-02 19:45:19', 'Lil_Wang'),
(35, 12, 'Which drug (as per the lecture slides) is a CYP450 inhibitor?', 100, 8, 15, 'Fluconazole is a CPY450 inhibitor, especially of CYP2C19', 'Y', 'Y', 'N', NULL, NULL, '2016-12-12 00:00:00', 'Lil_Wang', '2017-04-09 13:25:50', 'Lil_Wang'),
(36, 12, 'Which Antibacterial is contraindicated for concurrent use of Alcohol?', 100, 6, 11, NULL, 'Y', 'Y', 'N', NULL, NULL, '2016-12-12 00:00:00', 'Lil_Wang', '2017-03-27 22:37:13', 'Lil_Wang'),
(37, 12, 'WHICH OF TEH following is NOT a selective serotonin reuptake inhibitor?', 100, 9, 21, 'Duloxetine is a Serotonin Norepinephrine Reuptake inhibitor', 'Y', 'Y', 'N', NULL, NULL, '2016-12-12 00:00:00', 'Lil_Wang', '2017-03-27 22:37:13', 'Lil_Wang'),
(38, 10, 'What is the brand name for cefdinir?', 100, 3, 4, NULL, 'Y', 'Y', 'N', NULL, NULL, '2016-12-08 00:00:00', 'sgs38', '2017-03-27 22:27:43', 'sgs38'),
(39, 12, 'Which Drug type has the common boxed warning of increased risk of compared to placebo ofsuicidal thinking and behavior in children, teens and YA', 100, 11, 19, NULL, 'Y', 'Y', 'N', NULL, NULL, '2016-12-12 00:00:00', 'Lil_Wang', '2017-04-02 19:03:45', 'Lil_Wang'),
(40, 1, 'Which of the following is a proton pump inhibitor?', 100, 1, 3, NULL, 'Y', 'Y', 'N', NULL, NULL, '2016-12-08 00:00:00', 'emcgeary', '2017-03-27 22:27:44', 'emcgeary'),
(41, 4, 'Why can\'t I create a question on a Windows laptop?', 100, 3, 3, 'Shrug.', 'Y', 'Y', 'N', NULL, NULL, '2017-02-06 00:00:00', 'mjb236', '2017-03-27 22:38:47', 'mjb236'),
(42, 12, 'Which drug has an off label use for Insomnia?', 100, 9, 22, 'Trazodone, or Desyrel, is a triazolopyridine with an indication for major depressive disorder. Sedation is a common side effect.', 'Y', 'Y', 'N', NULL, NULL, '2016-12-12 00:00:00', 'Lil_Wang', '2017-03-27 22:37:34', 'Lil_Wang'),
(43, 1, 'Which part of the nerve is the short branched extension of a nerve cell, along which impulses received from other cells at synapses are transmi', 100, 1, 5, 'The Dendrite is the correct answer to the description. The other options do not have short-branched extensions.', 'Y', 'Y', 'N', NULL, NULL, '2016-11-11 00:00:00', 'Ra_vee', '2017-03-27 22:27:44', 'Ra_vee'),
(44, 10, 'What is the brand name for bupropion SR?', 100, 2, 3, NULL, 'Y', 'Y', 'N', NULL, NULL, '2016-12-08 00:00:00', 'sgs38', '2017-03-27 22:27:43', 'sgs38'),
(45, 19, 'What\'s up?', 100, 1, 1, 'It\'s not the ground.', 'N', 'Y', 'N', NULL, NULL, '2017-03-31 14:16:02', 'mjb236', '2017-04-02 21:44:39', 'mjb236'),
(46, 22, 'Test qustion', 100, 1, 2, 'Duh', 'N', 'Y', 'N', NULL, NULL, '2017-03-31 14:37:10', 'mjb236', '2017-03-31 14:37:39', 'mjb236'),
(47, 22, 'Another question?', 100, 0, 0, '', 'N', 'Y', 'N', NULL, NULL, '2017-03-31 14:42:30', 'mjb236', '2017-03-31 14:42:30', 'mjb236'),
(48, 24, 'Here Comes Another One', 100, 0, 0, 'Yep', 'N', 'Y', 'N', NULL, NULL, '2017-03-31 14:43:51', 'mjb236', '2017-04-02 21:44:39', 'mjb236'),
(49, 22, 'New Question', 100, 0, 0, '', 'N', 'Y', 'N', NULL, NULL, '2017-03-31 14:45:36', 'mjb236', '2017-03-31 14:45:36', 'mjb236'),
(50, 26, 'Who is the zodiac killer?', 100, 1, 1, 'Ted Cruz is the zodiac killer', 'N', 'Y', 'N', NULL, NULL, '2017-03-31 15:46:41', 'dabest', '2017-03-31 15:50:33', 'dabest'),
(51, 2, 'Where are the metatarsals?', 100, 6, 10, 'They are in the foot, dummy.', 'N', 'Y', 'N', NULL, NULL, '2017-04-02 20:25:04', 'mjb236', '2017-04-09 13:27:49', 'mjb236'),
(52, 28, 'This question better work.', 100, 2, 4, '', 'N', 'Y', 'N', NULL, NULL, '2017-04-02 20:28:38', 'mjb236', '2017-04-09 13:30:44', 'mjb236'),
(53, 23, 'This is a dumb question right?', 100, 1, 1, '', 'N', 'Y', 'N', NULL, NULL, '2017-04-07 20:55:43', 'mjb236', '2017-04-07 20:55:53', 'mjb236');

--
-- Triggers `question`
--
DROP TRIGGER IF EXISTS `trg_questionBackup`;
DELIMITER $$
CREATE TRIGGER `trg_questionBackup` BEFORE DELETE ON `question` FOR EACH ROW BEGIN
  INSERT INTO deleted_question
    (question_id, quiz_id, question_text, score, times_correctly_answered, times_answered, explanation, verified_flag, active_flag, removed_flag, removed_date, image_url, created_date, created_by, last_updated_date, last_updated_by)
  VALUES
    (OLD.question_id, OLD.quiz_id, OLD.question_text, OLD.score, OLD.times_correctly_answered, OLD.times_answered, OLD.explanation, OLD.verified_flag, OLD.active_flag, OLD.removed_flag, OLD.removed_date, OLD.image_url, OLD.created_date, OLD.created_by, OLD.last_updated_date, OLD.last_updated_by);
END
$$
DELIMITER ;
DROP TRIGGER IF EXISTS `trg_updateQuestionRemovedDate`;
DELIMITER $$
CREATE TRIGGER `trg_updateQuestionRemovedDate` BEFORE UPDATE ON `question` FOR EACH ROW BEGIN 
IF new.removed_flag = 'Y' THEN 
  SET new.removed_date = CURRENT_TIMESTAMP; 
ELSE SET new.removed_date = null; 
END IF; 
END
$$
DELIMITER ;

-- --------------------------------------------------------

--
-- Table structure for table `question_review_history`
--

DROP TABLE IF EXISTS `question_review_history`;
CREATE TABLE `question_review_history` (
  `review_id` int(10) UNSIGNED NOT NULL,
  `question_id` int(10) UNSIGNED NOT NULL,
  `review_outcome` varchar(500) DEFAULT NULL,
  `review_date` datetime NOT NULL DEFAULT CURRENT_TIMESTAMP,
  `reviewed_by` varchar(20) NOT NULL
) ENGINE=InnoDB DEFAULT CHARSET=latin1;

-- --------------------------------------------------------

--
-- Table structure for table `quiz`
--

DROP TABLE IF EXISTS `quiz`;
CREATE TABLE `quiz` (
  `quiz_id` int(10) UNSIGNED NOT NULL,
  `category_id` int(10) UNSIGNED NOT NULL,
  `quiz_name` varchar(50) NOT NULL,
  `description` varchar(256) DEFAULT NULL,
  `active_flag` enum('Y','N') NOT NULL DEFAULT 'N',
  `removed_flag` enum('Y','N') NOT NULL DEFAULT 'N',
  `removed_date` datetime DEFAULT NULL,
  `created_date` datetime NOT NULL DEFAULT CURRENT_TIMESTAMP,
  `created_by` varchar(20) NOT NULL,
  `last_updated_date` datetime NOT NULL DEFAULT CURRENT_TIMESTAMP ON UPDATE CURRENT_TIMESTAMP,
  `last_updated_by` varchar(20) NOT NULL
) ENGINE=InnoDB DEFAULT CHARSET=latin1;

--
-- Dumping data for table `quiz`
--

INSERT INTO `quiz` (`quiz_id`, `category_id`, `quiz_name`, `description`, `active_flag`, `removed_flag`, `removed_date`, `created_date`, `created_by`, `last_updated_date`, `last_updated_by`) VALUES
(1, 1, 'Exam 3', NULL, 'Y', 'N', NULL, '2017-02-07 22:15:30', 'mjb236', '2017-03-27 22:27:47', 'mjb236'),
(2, 1, 'Exam 1', NULL, 'Y', 'N', NULL, '2017-02-07 22:16:11', 'mjb236', '2017-03-27 22:27:47', 'mjb236'),
(3, 1, 'Exam 2', NULL, 'Y', 'N', NULL, '2017-02-07 22:16:11', 'mjb236', '2017-03-27 22:27:47', 'mjb236'),
(4, 2, 'Exam 3', NULL, 'Y', 'N', NULL, '2017-02-07 22:16:11', 'mjb236', '2017-03-27 22:38:48', 'mjb236'),
(5, 2, 'Exam 1', NULL, 'Y', 'N', NULL, '2017-02-07 22:16:11', 'mjb236', '2017-03-27 22:38:48', 'mjb236'),
(6, 2, 'Exam 2', NULL, 'Y', 'N', NULL, '2017-02-07 22:16:11', 'mjb236', '2017-03-27 22:38:48', 'mjb236'),
(7, 3, 'Mike Quiz 1', NULL, 'N', 'N', NULL, '2017-02-07 22:16:11', 'mjb236', '2017-03-27 22:38:51', 'mjb236'),
(8, 4, 'Test Quiz 1', NULL, 'N', 'N', NULL, '2017-02-07 22:16:11', 'mjb236', '2017-03-27 22:38:51', 'mjb236'),
(9, 5, 'Exam 2', NULL, 'Y', 'N', NULL, '2017-02-07 22:16:11', 'mjb236', '2017-03-27 22:27:49', 'mjb236'),
(10, 5, 'Exam 3', NULL, 'Y', 'N', NULL, '2017-02-07 22:16:11', 'mjb236', '2017-03-27 22:27:49', 'mjb236'),
(12, 6, 'Top Drugs Final', NULL, 'Y', 'N', NULL, '2017-02-07 22:16:11', 'mjb236', '2017-03-27 22:37:24', 'mjb236'),
(19, 14, 'Test Quiz', NULL, 'N', 'N', NULL, '2017-03-31 13:08:29', 'mjb236', '2017-04-02 21:44:39', 'mjb236'),
(22, 1, 'Test Anat', NULL, 'Y', 'N', NULL, '2017-03-31 14:36:52', 'mjb236', '2017-03-31 14:36:52', 'mjb236'),
(23, 17, 'New Test Quiz', NULL, 'Y', 'N', NULL, '2017-03-31 14:38:26', 'mjb236', '2017-03-31 14:38:26', 'mjb236'),
(24, 14, 'New Test Quiz 2', NULL, 'N', 'N', NULL, '2017-03-31 14:39:27', 'mjb236', '2017-04-02 21:44:39', 'mjb236'),
(25, 14, 'Awesome Quiz', NULL, 'N', 'N', NULL, '2017-03-31 14:45:53', 'mjb236', '2017-04-02 21:44:39', 'mjb236'),
(26, 18, 'mEMELORDZ', NULL, 'N', 'N', NULL, '2017-03-31 15:45:44', 'dabest', '2017-03-31 15:50:33', 'dabest'),
(27, 19, 'Dumb Quiz', NULL, 'N', 'N', NULL, '2017-04-01 10:51:11', 'mjb236', '2017-04-02 20:18:39', 'mjb236'),
(28, 20, 'JS Move', NULL, 'Y', 'N', NULL, '2017-04-02 20:25:53', 'mjb236', '2017-04-02 20:25:53', 'mjb236');

--
-- Triggers `quiz`
--
DROP TRIGGER IF EXISTS `trg_quizBackup`;
DELIMITER $$
CREATE TRIGGER `trg_quizBackup` BEFORE DELETE ON `quiz` FOR EACH ROW BEGIN
  INSERT INTO deleted_quiz
    (quiz_id, category_id, quiz_name, description, active_flag, removed_flag, removed_date, created_date, created_by, last_updated_date, last_updated_by)
  VALUES
    (OLD.quiz_id, OLD.category_id, OLD.quiz_name, OLD.description, OLD.active_flag, OLD.removed_flag, OLD.removed_date, OLD.created_date, OLD.created_by, OLD.last_updated_date, OLD.last_updated_by);
END
$$
DELIMITER ;
DROP TRIGGER IF EXISTS `trg_updateQuestionStatus`;
DELIMITER $$
CREATE TRIGGER `trg_updateQuestionStatus` AFTER UPDATE ON `quiz` FOR EACH ROW BEGIN
IF new.active_flag = 'N' THEN
  UPDATE question q
  SET q.active_flag = 'N'
  WHERE q.quiz_id = new.quiz_id;
ELSEIF new.active_flag = 'Y' THEN
  UPDATE question q
  SET q.active_flag = 'Y'
  WHERE q.quiz_id = new.quiz_id
    AND q.removed_flag <> 'Y';
END IF;
IF new.removed_flag = 'Y' THEN
  UPDATE question q
  SET q.removed_flag = 'Y', q.active_flag = 'N'
  WHERE q.quiz_id = new.quiz_id;
ELSEIF new.removed_flag = 'N' THEN
  UPDATE question q
  SET q.removed_flag = 'N', q.active_flag = 'Y'
  WHERE q.quiz_id = new.quiz_id;
END IF;
END
$$
DELIMITER ;
DROP TRIGGER IF EXISTS `trg_updateRemovedDate`;
DELIMITER $$
CREATE TRIGGER `trg_updateRemovedDate` BEFORE UPDATE ON `quiz` FOR EACH ROW BEGIN
IF new.removed_flag = 'Y' THEN
  SET new.removed_date = CURRENT_TIMESTAMP;
ELSE
  SET new.removed_date = null;
END IF;
END
$$
DELIMITER ;

-- --------------------------------------------------------

--
-- Table structure for table `user`
--

DROP TABLE IF EXISTS `user`;
CREATE TABLE `user` (
  `username` varchar(20) NOT NULL,
  `password` varchar(60) NOT NULL,
  `email_address` varchar(256) NOT NULL,
  `score` int(10) NOT NULL DEFAULT '0',
  `admin_flag` enum('Y','N') NOT NULL DEFAULT 'N',
  `owner_flag` enum('Y','N') NOT NULL DEFAULT 'N',
  `active_flag` enum('Y','N') NOT NULL DEFAULT 'N',
  `registered_date` datetime NOT NULL DEFAULT CURRENT_TIMESTAMP
) ENGINE=InnoDB DEFAULT CHARSET=latin1;

--
-- Dumping data for table `user`
--

INSERT INTO `user` (`username`, `password`, `email_address`, `score`, `admin_flag`, `owner_flag`, `active_flag`, `registered_date`) VALUES
('akk54', '$2y$10$ZDcyYWFkMWJkYzQ3N2IxOOK.iDzL5xlHMXRU69JAf.ih.AjV7he/e', 'default', 0, 'N', 'N', 'Y', '2016-11-01 00:00:00'),
('ard71', '$2y$10$ZDcyYWFkMWJkYzQ3N2IxOOK.iDzL5xlHMXRU69JAf.ih.AjV7he/e', 'default', 0, 'Y', 'N', 'N', '2016-11-01 00:00:00'),
('Arm148', '$2y$10$ZDcyYWFkMWJkYzQ3N2IxOOK.iDzL5xlHMXRU69JAf.ih.AjV7he/e', 'default', 0, 'N', 'N', 'N', '2016-11-01 00:00:00'),
('asdf', '$2y$10$ZDcyYWFkMWJkYzQ3N2IxOOK.iDzL5xlHMXRU69JAf.ih.AjV7he/e', 'default', 0, 'Y', 'N', 'N', '2016-11-01 00:00:00'),
('atayyy', '$2y$10$ZDcyYWFkMWJkYzQ3N2IxOOK.iDzL5xlHMXRU69JAf.ih.AjV7he/e', 'default', 0, 'N', 'N', 'N', '2016-11-01 00:00:00'),
('BMURR', '$2y$10$ZDcyYWFkMWJkYzQ3N2IxOOK.iDzL5xlHMXRU69JAf.ih.AjV7he/e', 'default', 0, 'N', 'N', 'N', '2016-11-01 00:00:00'),
('bogdanbg24', '$2y$10$ZDcyYWFkMWJkYzQ3N2IxOOK.iDzL5xlHMXRU69JAf.ih.AjV7he/e', 'default', 0, 'N', 'N', 'Y', '2016-11-01 00:00:00'),
('butts', '$2y$10$MTdkM2Q2YTIzZmVhMzU5NOkJ0hqtNN4WpsdJ.b7fszYq7GdYAJayq', 'butts', 0, 'N', 'N', 'N', '2017-03-29 21:59:23'),
('cdb69', '$2y$10$ZDcyYWFkMWJkYzQ3N2IxOOK.iDzL5xlHMXRU69JAf.ih.AjV7he/e', 'default', 0, 'N', 'N', 'N', '2016-11-01 00:00:00'),
('dabest', '$2y$10$ZmNmNDRlYWY4MTM1ZWZlZOSfkF./8NkTz1yKVF.TpMP7sUhXcikJG', 'ard71@pitt.edu', 200, 'Y', 'N', 'Y', '2017-03-31 15:41:30'),
('dhm14', '$2y$10$ZDcyYWFkMWJkYzQ3N2IxOOK.iDzL5xlHMXRU69JAf.ih.AjV7he/e', 'default', 0, 'N', 'N', 'N', '2016-11-01 00:00:00'),
('emcgeary', '$2y$10$ZDcyYWFkMWJkYzQ3N2IxOOK.iDzL5xlHMXRU69JAf.ih.AjV7he/e', 'default', 800, 'N', 'N', 'N', '2016-11-01 00:00:00'),
('jac331', '$2y$10$ZDcyYWFkMWJkYzQ3N2IxOOK.iDzL5xlHMXRU69JAf.ih.AjV7he/e', 'default', 900, 'N', 'N', 'N', '2016-11-01 00:00:00'),
('janelio', '$2y$10$ZDcyYWFkMWJkYzQ3N2IxOOK.iDzL5xlHMXRU69JAf.ih.AjV7he/e', 'default', 700, 'N', 'N', 'N', '2016-11-01 00:00:00'),
('JaradIckes', '$2y$10$ZDcyYWFkMWJkYzQ3N2IxOOK.iDzL5xlHMXRU69JAf.ih.AjV7he/e', 'default', 0, 'N', 'N', 'N', '2016-11-01 00:00:00'),
('josh_hochuli', '$2y$10$ZDcyYWFkMWJkYzQ3N2IxOOK.iDzL5xlHMXRU69JAf.ih.AjV7he/e', 'default', 0, 'N', 'N', 'Y', '2016-11-01 00:00:00'),
('kmccor2008', '$2y$10$ZDcyYWFkMWJkYzQ3N2IxOOK.iDzL5xlHMXRU69JAf.ih.AjV7he/e', 'default', 100, 'N', 'N', 'Y', '2016-11-01 00:00:00'),
('Kryson53', '$2y$10$ZDcyYWFkMWJkYzQ3N2IxOOK.iDzL5xlHMXRU69JAf.ih.AjV7he/e', 'default', 0, 'N', 'N', 'N', '2016-11-01 00:00:00'),
('LAB212_pitt', '$2y$10$ZDcyYWFkMWJkYzQ3N2IxOOK.iDzL5xlHMXRU69JAf.ih.AjV7he/e', 'default', 2000, 'N', 'N', 'N', '2016-11-01 00:00:00'),
('Lil_Wang', '$2y$10$ZDcyYWFkMWJkYzQ3N2IxOOK.iDzL5xlHMXRU69JAf.ih.AjV7he/e', 'default', 7100, 'N', 'N', 'N', '2016-11-01 00:00:00'),
('lizieaxes', '$2y$10$ZDcyYWFkMWJkYzQ3N2IxOOK.iDzL5xlHMXRU69JAf.ih.AjV7he/e', 'default', 600, 'N', 'N', 'N', '2016-11-01 00:00:00'),
('map259', '$2y$10$ZDcyYWFkMWJkYzQ3N2IxOOK.iDzL5xlHMXRU69JAf.ih.AjV7he/e', 'default', 0, 'N', 'N', 'N', '2016-11-01 00:00:00'),
('map273', '$2y$10$ZDcyYWFkMWJkYzQ3N2IxOOK.iDzL5xlHMXRU69JAf.ih.AjV7he/e', 'default', 1000, 'N', 'N', 'N', '2016-11-01 00:00:00'),
('marisapostava', '$2y$10$ZDcyYWFkMWJkYzQ3N2IxOOK.iDzL5xlHMXRU69JAf.ih.AjV7he/e', 'default', 1100, 'N', 'N', 'N', '2016-11-01 00:00:00'),
('mattbrock4', '$2y$10$ZDcyYWFkMWJkYzQ3N2IxOOK.iDzL5xlHMXRU69JAf.ih.AjV7he/e', 'default', 2400, 'N', 'N', 'Y', '2016-11-01 00:00:00'),
('MelHawn', '$2y$10$ZDcyYWFkMWJkYzQ3N2IxOOK.iDzL5xlHMXRU69JAf.ih.AjV7he/e', 'default', 500, 'N', 'N', 'N', '2016-11-01 00:00:00'),
('metacortex', '$2y$10$NGEwODc3M2Y2MGNkMWYyOO2M6r.37/KhjxialV9BHWIcf57iKOrnu', 'metacortex187@gmail.com', 100, 'N', 'N', 'Y', '2017-03-28 23:28:17'),
('mjb236', '$2y$10$ZmM0Yjg0MTIzYjVlM2UzZOgiMSbhOfkS2/XC677k7CtKmMTX3MuRW', 'default', 11879, 'Y', 'N', 'Y', '2016-11-01 00:00:00'),
('olb13', '$2y$10$ZDcyYWFkMWJkYzQ3N2IxOOK.iDzL5xlHMXRU69JAf.ih.AjV7he/e', 'default', 2100, 'N', 'N', 'N', '2016-11-01 00:00:00'),
('PittInovation', '$2y$10$ZDcyYWFkMWJkYzQ3N2IxOOK.iDzL5xlHMXRU69JAf.ih.AjV7he/e', 'default', 0, 'N', 'N', 'N', '2016-11-01 00:00:00'),
('Ra_vee', '$2y$10$ZDcyYWFkMWJkYzQ3N2IxOOK.iDzL5xlHMXRU69JAf.ih.AjV7he/e', 'default', 800, 'N', 'N', 'N', '2016-11-01 00:00:00'),
('ROP', '$2y$10$ZDcyYWFkMWJkYzQ3N2IxOOK.iDzL5xlHMXRU69JAf.ih.AjV7he/e', 'default', 0, 'N', 'N', 'N', '2016-11-01 00:00:00'),
('RP1', '$2y$10$ZDcyYWFkMWJkYzQ3N2IxOOK.iDzL5xlHMXRU69JAf.ih.AjV7he/e', 'default', 0, 'N', 'N', 'N', '2016-11-01 00:00:00'),
('sawyerbressler', '$2y$10$ZDcyYWFkMWJkYzQ3N2IxOOK.iDzL5xlHMXRU69JAf.ih.AjV7he/e', 'default', 2000, 'N', 'N', 'N', '2016-11-01 00:00:00'),
('sgs38', '$2y$10$ZDcyYWFkMWJkYzQ3N2IxOOK.iDzL5xlHMXRU69JAf.ih.AjV7he/e', 'default', 400, 'N', 'N', 'N', '2016-11-01 00:00:00'),
('smc156', '$2y$10$ZDcyYWFkMWJkYzQ3N2IxOOK.iDzL5xlHMXRU69JAf.ih.AjV7he/e', 'default', 0, 'N', 'N', 'N', '2016-11-01 00:00:00'),
('stg50', '$2y$10$ZDcyYWFkMWJkYzQ3N2IxOOK.iDzL5xlHMXRU69JAf.ih.AjV7he/e', 'default', 400, 'N', 'N', 'N', '2016-11-01 00:00:00'),
('Sunder', '$2y$10$ZDcyYWFkMWJkYzQ3N2IxOOK.iDzL5xlHMXRU69JAf.ih.AjV7he/e', 'default', 0, 'N', 'N', 'N', '2016-11-01 00:00:00'),
('Tyler', '$2y$10$ZDcyYWFkMWJkYzQ3N2IxOOK.iDzL5xlHMXRU69JAf.ih.AjV7he/e', 'default', 0, 'N', 'N', 'N', '2016-11-01 00:00:00'),
('Zjinli', '$2y$10$ZDcyYWFkMWJkYzQ3N2IxOOK.iDzL5xlHMXRU69JAf.ih.AjV7he/e', 'default', 1900, 'N', 'N', 'N', '2016-11-01 00:00:00'),
('zjinli96', '$2y$10$ZDcyYWFkMWJkYzQ3N2IxOOK.iDzL5xlHMXRU69JAf.ih.AjV7he/e', 'default', 900, 'N', 'N', 'N', '2016-11-01 00:00:00'),
('znaeb', '$2y$10$ZDcyYWFkMWJkYzQ3N2IxOOK.iDzL5xlHMXRU69JAf.ih.AjV7he/e', 'default', 0, 'N', 'N', 'N', '2016-11-01 00:00:00');

--
-- Triggers `user`
--
DROP TRIGGER IF EXISTS `trg_userBackup`;
DELIMITER $$
CREATE TRIGGER `trg_userBackup` BEFORE DELETE ON `user` FOR EACH ROW BEGIN
  INSERT INTO deleted_user
    (username, password, email_address, score, admin_flag, owner_flag, active_flag, registered_date)
  VALUES
    (OLD.username, OLD.password, OLD.email_address, OLD.score, OLD.admin_flag, OLD.owner_flag, OLD.active_flag, OLD.registered_date);
END
$$
DELIMITER ;

-- --------------------------------------------------------

--
-- Table structure for table `user_profile`
--

DROP TABLE IF EXISTS `user_profile`;
CREATE TABLE `user_profile` (
  `username` varchar(20) NOT NULL,
  `full_name` varchar(50) NOT NULL,
  `year` varchar(10) NOT NULL,
  `employer` varchar(50) DEFAULT NULL,
  `interests` varchar(256) DEFAULT NULL,
  `bio` varchar(500) DEFAULT NULL,
  `image_url` varchar(256) DEFAULT NULL,
  `created_date` datetime NOT NULL DEFAULT CURRENT_TIMESTAMP,
  `last_updated_date` datetime NOT NULL DEFAULT CURRENT_TIMESTAMP ON UPDATE CURRENT_TIMESTAMP,
  `last_updated_by` varchar(20) NOT NULL
) ENGINE=InnoDB DEFAULT CHARSET=latin1;

--
-- Dumping data for table `user_profile`
--

INSERT INTO `user_profile` (`username`, `full_name`, `year`, `employer`, `interests`, `bio`, `image_url`, `created_date`, `last_updated_date`, `last_updated_by`) VALUES
('akk54', 'Abby Kois', '2020', 'null', 'null', 'null', NULL, '2017-02-07 21:58:47', '2017-02-07 21:58:47', 'mjb236'),
('ard71', 'Ariella', '2017', 'null', 'null', 'null', NULL, '2017-02-07 21:58:46', '2017-02-07 21:58:46', 'mjb236'),
('Arm148', 'Adam', 'Senior', 'null', 'null', 'null', NULL, '2017-02-07 21:58:47', '2017-02-07 21:58:47', 'mjb236'),
('asdf', 'asdf', 'asdf', 'asdf', 'asdf', 'asd', NULL, '2017-02-07 21:58:47', '2017-02-07 21:58:47', 'mjb236'),
('atayyy', 'Alexandria Taylor', '2020', 'null', 'null', 'null', NULL, '2017-02-07 21:58:47', '2017-02-07 21:58:47', 'mjb236'),
('BMURR', 'Brendan Murray', '2016', 'plz employ me', 'Raquetball', 'Free cake for every creature', NULL, '2017-02-07 21:58:47', '2017-02-07 21:58:47', 'mjb236'),
('bogdanbg24', 'Bogdan Kotzev', 'Senior', 'null', 'null', 'null', NULL, '2017-02-07 21:58:47', '2017-02-07 21:58:47', 'mjb236'),
('butts', 'butts', 'butts', 'butts', 'butts', '', 'static/img/butts_monsterfactory.png', '2017-03-29 21:59:23', '2017-03-29 22:49:35', 'butts'),
('cdb69', 'Colton Byerly', 'P1', 'null', 'null', 'null', NULL, '2017-02-07 21:58:46', '2017-02-07 21:58:46', 'mjb236'),
('dabest', 'Ariella', '2017', '', '', '', 'static/img/dabest_mf_jester.png', '2017-03-31 15:41:30', '2017-03-31 15:41:30', 'dabest'),
('dhm14', 'DIana Mansour', 'P1', 'null', 'null', 'null', NULL, '2017-02-07 21:58:47', '2017-02-07 21:58:47', 'mjb236'),
('emcgeary', 'Evan McGarry', 'P1', 'null', 'null', 'null', NULL, '2017-02-07 21:58:46', '2017-02-07 21:58:46', 'mjb236'),
('jac331', 'Jaehee Cho', 'P1', 'null', 'null', 'null', NULL, '2017-02-07 21:58:47', '2017-02-07 21:58:47', 'mjb236'),
('janelio', 'Marijanel Alilio', 'P3', 'null', 'null', 'null', NULL, '2017-02-07 21:58:47', '2017-02-07 21:58:47', 'mjb236'),
('JaradIckes', 'Jarad Ickes', 'P1', 'PittPharmacy', 'null', 'null', NULL, '2017-02-07 21:58:47', '2017-02-07 21:58:47', 'mjb236'),
('josh_hochuli', 'Josh Hochuli', '2018', 'University of Pittsburgh', 'Pokemon', 'Yes', NULL, '2017-02-07 21:58:47', '2017-02-07 21:58:47', 'mjb236'),
('kmccor2008', 'Kyle McCormick', '2014', 'Gatti Pharmacy', 'technology', 'null', NULL, '2017-02-07 21:58:47', '2017-02-07 21:58:47', 'mjb236'),
('Kryson53', 'Zack Shahen', 'Sophomore', 'Willie\'s', 'Photography', 'I\'m cooool', NULL, '2017-02-07 21:58:47', '2017-02-07 21:58:47', 'mjb236'),
('LAB212_pitt', 'Lauren Brock', '2020', 'null', 'null', 'null', NULL, '2017-02-07 21:58:47', '2017-02-07 21:58:47', 'mjb236'),
('Lil_Wang', 'John Wang', '2020', 'null', 'null', 'chem.', NULL, '2017-02-07 21:58:46', '2017-02-07 21:58:46', 'mjb236'),
('lizieaxes', 'Melanie Root', 'Freshman', 'null', 'null', 'null', NULL, '2017-02-07 21:58:46', '2017-02-07 21:58:46', 'mjb236'),
('map259', 'Mark', 'Senior', 'null', 'null', 'null', NULL, '2017-02-07 21:58:47', '2017-02-07 21:58:47', 'mjb236'),
('map273', 'Megha Patel', '2020', 'null', 'null', 'null', NULL, '2017-02-07 21:58:47', '2017-02-07 21:58:47', 'mjb236'),
('marisapostava', 'Marisa Postava', 'P1 2020', 'null', 'Critical Care, Specialty Pharmacy', 'null', NULL, '2017-02-07 21:58:47', '2017-02-07 21:58:47', 'mjb236'),
('mattbrock4', 'Matthew', '', 'null', 'null', 'null', NULL, '2017-02-07 21:58:47', '2017-02-07 21:58:47', 'mjb236'),
('MelHawn', 'Melanie Hawn', '2020', 'null', 'null', 'null', NULL, '2017-02-07 21:58:47', '2017-02-07 21:58:47', 'mjb236'),
('metacortex', 'Mike b', 'Senior', 'UPMC', 'INTERESTS', 'BIO', NULL, '2017-03-28 23:28:17', '2017-03-28 23:28:17', 'metacortex'),
('mjb236', 'Mike Bowen', 'Senior', 'UPMC Dig', 'Interests', 'Still good?', NULL, '2017-02-07 21:58:47', '2017-04-09 12:42:40', 'mjb236'),
('olb13', 'Funto', '2020', 'null', 'null', 'null', NULL, '2017-02-07 21:58:47', '2017-02-07 21:58:47', 'mjb236'),
('PittInovation', 'RP', '2019', 'Durgz', 'Drugs', 'Durgz', NULL, '2017-02-07 21:58:47', '2017-02-07 21:58:47', 'mjb236'),
('Ra_vee', 'Pee', '2019', 'Pitt', 'Tech', 'Tech and mechs', NULL, '2017-02-07 21:58:47', '2017-02-07 21:58:47', 'mjb236'),
('ROP', 'RP', '2016', 'Pitt', 'Pitt', 'Pitt', NULL, '2017-02-07 21:58:47', '2017-02-07 21:58:47', 'mjb236'),
('RP1', 'RP', '2016', 'Umbrella Corp', 'Some', 'Born, Live, Liver', NULL, '2017-02-07 21:58:47', '2017-02-07 21:58:47', 'mjb236'),
('sawyerbressler', 'Sawyer', '2020', 'null', 'null', 'null', NULL, '2017-02-07 21:58:47', '2017-02-07 21:58:47', 'mjb236'),
('sgs38', 'Spencer Schlecht', 'P1', 'null', 'Games, sports, competition, puzzles', 'null', NULL, '2017-02-07 21:58:47', '2017-02-07 21:58:47', 'mjb236'),
('smc156', 'Sophia', '2019', 'null', 'null', 'null', NULL, '2017-02-07 21:58:47', '2017-02-07 21:58:47', 'mjb236'),
('stg50', 'Samantha George', 'P1', 'null', 'null', 'null', NULL, '2017-02-07 21:58:47', '2017-02-07 21:58:47', 'mjb236'),
('Sunder', 'Sam Underwood', 'Senior', 'Sunder Applications', 'CS', 'I\'m helping to write this Web app.', NULL, '2017-02-07 21:58:47', '2017-02-07 21:58:47', 'mjb236'),
('Tyler', 'Tyler Kosmacki', '2016', 'null', 'null', 'null', NULL, '2017-02-07 21:58:47', '2017-02-07 21:58:47', 'mjb236'),
('Zjinli', 'Jinli', 'P1', 'null', 'null', 'null', NULL, '2017-02-07 21:58:46', '2017-02-07 21:58:46', 'mjb236'),
('zjinli96', 'Jinli Zhao', '1996', 'null', 'null', 'null', NULL, '2017-02-07 21:58:47', '2017-02-07 21:58:47', 'mjb236'),
('znaeb', 'Lord of Madness', '2016', 'Laboon Industries', 'Chaos', 'null', NULL, '2017-02-07 21:58:46', '2017-02-07 21:58:46', 'mjb236');

--
-- Triggers `user_profile`
--
DROP TRIGGER IF EXISTS `trg_userProfileBackup`;
DELIMITER $$
CREATE TRIGGER `trg_userProfileBackup` BEFORE DELETE ON `user_profile` FOR EACH ROW BEGIN
  INSERT INTO deleted_user_profile
    (username, full_name, year, employer, interests, bio, image_url, created_date, last_updated_date, last_updated_by)
  VALUES
    (OLD.username, OLD.full_name, OLD.year, OLD.employer, OLD.interests, OLD.bio, OLD.image_url, OLD.created_date, OLD.last_updated_date, OLD.last_updated_by);
END
$$
DELIMITER ;

-- --------------------------------------------------------

--
-- Table structure for table `votes`
--

DROP TABLE IF EXISTS `votes`;
CREATE TABLE `votes` (
  `question_id` int(10) UNSIGNED NOT NULL,
  `username` varchar(20) NOT NULL,
  `value` tinyint(4) NOT NULL DEFAULT '0',
  `created_date` datetime NOT NULL DEFAULT CURRENT_TIMESTAMP,
  `last_updated_date` datetime NOT NULL DEFAULT CURRENT_TIMESTAMP ON UPDATE CURRENT_TIMESTAMP
) ENGINE=InnoDB DEFAULT CHARSET=latin1;

--
-- Dumping data for table `votes`
--

INSERT INTO `votes` (`question_id`, `username`, `value`, `created_date`, `last_updated_date`) VALUES
(3, 'mjb236', -1, '2017-03-01 21:52:38', '2017-03-01 21:52:38'),
(12, 'mjb236', -1, '2017-03-01 21:48:15', '2017-03-01 21:48:15'),
(17, 'dabest', 1, '2017-03-31 15:43:01', '2017-03-31 15:43:01'),
(17, 'mjb236', 0, '2017-02-26 19:38:34', '2017-03-28 20:34:49'),
(22, 'Ra_vee', -1, '2017-02-09 18:34:49', '2017-02-09 18:34:49'),
(23, 'mjb236', -1, '2017-02-26 20:53:38', '2017-03-17 15:22:45'),
(25, 'mjb236', 0, '2017-02-26 20:54:10', '2017-03-01 21:25:47'),
(26, 'mjb236', 1, '2017-02-26 19:14:39', '2017-02-26 19:14:39'),
(26, 'sgs38', 1, '2017-02-09 18:34:49', '2017-02-09 18:34:49'),
(28, 'mjb236', 1, '2017-03-01 21:57:42', '2017-03-01 21:57:42'),
(37, 'mjb236', 1, '2017-03-11 15:02:09', '2017-03-11 15:02:09'),
(50, 'dabest', 1, '2017-03-31 15:48:16', '2017-03-31 15:48:16'),
(52, 'mjb236', 1, '2017-04-02 20:35:18', '2017-04-09 13:30:49');

--
-- Triggers `votes`
--
DROP TRIGGER IF EXISTS `trg_voteBackup`;
DELIMITER $$
CREATE TRIGGER `trg_voteBackup` BEFORE DELETE ON `votes` FOR EACH ROW BEGIN
  INSERT INTO deleted_votes
    (question_id, username, value, created_date, last_updated_date)
  VALUES
    (OLD.question_id, OLD.username, OLD.value, OLD.created_date, OLD.last_updated_date);
END
$$
DELIMITER ;

-- --------------------------------------------------------

--
-- Stand-in structure for view `vw_correctanswers_v1`
-- (See below for the actual view)
--
DROP VIEW IF EXISTS `vw_correctanswers_v1`;
CREATE TABLE `vw_correctanswers_v1` (
`question_id` int(10) unsigned
,`username` varchar(20)
,`created_date` datetime
,`quiz_id` int(10) unsigned
,`attempt_number` int(10) unsigned
,`score` int(10) unsigned
);

-- --------------------------------------------------------

--
-- Stand-in structure for view `vw_correctanswers_v2`
-- (See below for the actual view)
--
DROP VIEW IF EXISTS `vw_correctanswers_v2`;
CREATE TABLE `vw_correctanswers_v2` (
`question_id` int(10) unsigned
,`username` varchar(20)
,`created_date` datetime
,`quiz_id` int(10) unsigned
,`category_id` int(10) unsigned
,`attempt_number` int(10) unsigned
,`score` int(10) unsigned
);

-- --------------------------------------------------------

--
-- Stand-in structure for view `vw_correctanswers_v3`
-- (See below for the actual view)
--
DROP VIEW IF EXISTS `vw_correctanswers_v3`;
CREATE TABLE `vw_correctanswers_v3` (
`question_id` int(10) unsigned
,`username` varchar(20)
,`created_date` datetime
,`quiz_id` int(10) unsigned
,`category_id` int(10) unsigned
,`category_name` varchar(50)
,`attempt_number` int(10) unsigned
,`score` int(10) unsigned
);

-- --------------------------------------------------------

--
-- Stand-in structure for view `vw_questionvotevalue`
-- (See below for the actual view)
--
DROP VIEW IF EXISTS `vw_questionvotevalue`;
CREATE TABLE `vw_questionvotevalue` (
`question_id` int(10) unsigned
,`value` decimal(25,0)
);

-- --------------------------------------------------------

--
-- Structure for view `vw_correctanswers_v1`
--
DROP TABLE IF EXISTS `vw_correctanswers_v1`;

CREATE ALGORITHM=UNDEFINED DEFINER=`root`@`localhost` SQL SECURITY DEFINER VIEW `vw_correctanswers_v1`  AS  select `al`.`question_id` AS `question_id`,`al`.`username` AS `username`,`al`.`created_date` AS `created_date`,`q`.`quiz_id` AS `quiz_id`,`al`.`attempt_number` AS `attempt_number`,`al`.`score` AS `score` from (`answer_log` `al` join `question` `q`) where ((`al`.`question_id` = `q`.`question_id`) and (`al`.`correct_flag` = 'Y')) ;

-- --------------------------------------------------------

--
-- Structure for view `vw_correctanswers_v2`
--
DROP TABLE IF EXISTS `vw_correctanswers_v2`;

CREATE ALGORITHM=UNDEFINED DEFINER=`root`@`localhost` SQL SECURITY DEFINER VIEW `vw_correctanswers_v2`  AS  select `v1`.`question_id` AS `question_id`,`v1`.`username` AS `username`,`v1`.`created_date` AS `created_date`,`v1`.`quiz_id` AS `quiz_id`,`q`.`category_id` AS `category_id`,`v1`.`attempt_number` AS `attempt_number`,`v1`.`score` AS `score` from (`quiz` `q` join `vw_correctanswers_v1` `v1`) where (`v1`.`quiz_id` = `q`.`quiz_id`) ;

-- --------------------------------------------------------

--
-- Structure for view `vw_correctanswers_v3`
--
DROP TABLE IF EXISTS `vw_correctanswers_v3`;

CREATE ALGORITHM=UNDEFINED DEFINER=`root`@`localhost` SQL SECURITY DEFINER VIEW `vw_correctanswers_v3`  AS  select `v2`.`question_id` AS `question_id`,`v2`.`username` AS `username`,`v2`.`created_date` AS `created_date`,`v2`.`quiz_id` AS `quiz_id`,`v2`.`category_id` AS `category_id`,`c`.`category_name` AS `category_name`,`v2`.`attempt_number` AS `attempt_number`,`v2`.`score` AS `score` from (`category` `c` join `vw_correctanswers_v2` `v2`) where (`v2`.`category_id` = `c`.`category_id`) order by `v2`.`username` ;

-- --------------------------------------------------------

--
-- Structure for view `vw_questionvotevalue`
--
DROP TABLE IF EXISTS `vw_questionvotevalue`;

CREATE ALGORITHM=UNDEFINED DEFINER=`root`@`localhost` SQL SECURITY INVOKER VIEW `vw_questionvotevalue`  AS  select `q`.`question_id` AS `question_id`,sum(ifnull(`v`.`value`,0)) AS `value` from (`question` `q` left join `votes` `v` on((`v`.`question_id` = `q`.`question_id`))) group by `q`.`question_id` ;

--
-- Indexes for dumped tables
--

--
-- Indexes for table `admin_email_addresses`
--
ALTER TABLE `admin_email_addresses`
  ADD PRIMARY KEY (`email_type`);

--
-- Indexes for table `answer`
--
ALTER TABLE `answer`
  ADD PRIMARY KEY (`answer_id`),
  ADD KEY `question_id` (`question_id`),
  ADD KEY `last_updated_by` (`last_updated_by`);

--
-- Indexes for table `answer_log`
--
ALTER TABLE `answer_log`
  ADD PRIMARY KEY (`answer_log_id`),
  ADD KEY `question_id` (`question_id`),
  ADD KEY `username` (`username`),
  ADD KEY `answer_id` (`answer_id`);

--
-- Indexes for table `bug_report`
--
ALTER TABLE `bug_report`
  ADD PRIMARY KEY (`report_id`),
  ADD KEY `username` (`username`);

--
-- Indexes for table `category`
--
ALTER TABLE `category`
  ADD PRIMARY KEY (`category_id`),
  ADD KEY `category_name` (`category_name`),
  ADD KEY `created_by` (`created_by`),
  ADD KEY `last_updated_by` (`last_updated_by`);

--
-- Indexes for table `flagged_questions`
--
ALTER TABLE `flagged_questions`
  ADD PRIMARY KEY (`flagged_question_id`),
  ADD KEY `question_id` (`question_id`),
  ADD KEY `flagged_by_user` (`flagged_by_user`);

--
-- Indexes for table `question`
--
ALTER TABLE `question`
  ADD PRIMARY KEY (`question_id`),
  ADD KEY `quiz_id` (`quiz_id`),
  ADD KEY `last_updated_by` (`last_updated_by`),
  ADD KEY `created_by` (`created_by`);

--
-- Indexes for table `question_review_history`
--
ALTER TABLE `question_review_history`
  ADD PRIMARY KEY (`review_id`),
  ADD KEY `question_id` (`question_id`),
  ADD KEY `reviewed_by` (`reviewed_by`);

--
-- Indexes for table `quiz`
--
ALTER TABLE `quiz`
  ADD PRIMARY KEY (`quiz_id`),
  ADD KEY `category_id` (`category_id`),
  ADD KEY `created_by` (`created_by`),
  ADD KEY `last_updated_by` (`last_updated_by`);

--
-- Indexes for table `user`
--
ALTER TABLE `user`
  ADD PRIMARY KEY (`username`);

--
-- Indexes for table `user_profile`
--
ALTER TABLE `user_profile`
  ADD PRIMARY KEY (`username`),
  ADD KEY `last_updated_by` (`last_updated_by`);

--
-- Indexes for table `votes`
--
ALTER TABLE `votes`
  ADD PRIMARY KEY (`question_id`,`username`),
  ADD KEY `username` (`username`);

--
-- AUTO_INCREMENT for dumped tables
--

--
-- AUTO_INCREMENT for table `answer`
--
ALTER TABLE `answer`
  MODIFY `answer_id` int(10) UNSIGNED NOT NULL AUTO_INCREMENT, AUTO_INCREMENT=213;
--
-- AUTO_INCREMENT for table `answer_log`
--
ALTER TABLE `answer_log`
  MODIFY `answer_log_id` int(10) UNSIGNED NOT NULL AUTO_INCREMENT, AUTO_INCREMENT=670;
--
-- AUTO_INCREMENT for table `bug_report`
--
ALTER TABLE `bug_report`
  MODIFY `report_id` int(10) UNSIGNED NOT NULL AUTO_INCREMENT, AUTO_INCREMENT=18;
--
-- AUTO_INCREMENT for table `category`
--
ALTER TABLE `category`
  MODIFY `category_id` int(10) UNSIGNED NOT NULL AUTO_INCREMENT, AUTO_INCREMENT=21;
--
-- AUTO_INCREMENT for table `flagged_questions`
--
ALTER TABLE `flagged_questions`
  MODIFY `flagged_question_id` int(10) UNSIGNED NOT NULL AUTO_INCREMENT, AUTO_INCREMENT=22;
--
-- AUTO_INCREMENT for table `question`
--
ALTER TABLE `question`
  MODIFY `question_id` int(10) UNSIGNED NOT NULL AUTO_INCREMENT, AUTO_INCREMENT=54;
--
-- AUTO_INCREMENT for table `question_review_history`
--
ALTER TABLE `question_review_history`
  MODIFY `review_id` int(10) UNSIGNED NOT NULL AUTO_INCREMENT;
--
-- AUTO_INCREMENT for table `quiz`
--
ALTER TABLE `quiz`
  MODIFY `quiz_id` int(10) UNSIGNED NOT NULL AUTO_INCREMENT, AUTO_INCREMENT=29;
--
-- Constraints for dumped tables
--

--
-- Constraints for table `answer`
--
ALTER TABLE `answer`
  ADD CONSTRAINT `answer_ibfk_1` FOREIGN KEY (`last_updated_by`) REFERENCES `user` (`username`),
  ADD CONSTRAINT `answer_ibfk_2` FOREIGN KEY (`question_id`) REFERENCES `question` (`question_id`);

--
-- Constraints for table `answer_log`
--
ALTER TABLE `answer_log`
  ADD CONSTRAINT `answer_log_ibfk_1` FOREIGN KEY (`question_id`) REFERENCES `question` (`question_id`),
  ADD CONSTRAINT `answer_log_ibfk_2` FOREIGN KEY (`username`) REFERENCES `user` (`username`),
  ADD CONSTRAINT `answer_log_ibfk_3` FOREIGN KEY (`answer_id`) REFERENCES `answer` (`answer_id`);

--
-- Constraints for table `bug_report`
--
ALTER TABLE `bug_report`
  ADD CONSTRAINT `bug_report_ibfk_1` FOREIGN KEY (`username`) REFERENCES `user` (`username`);

--
-- Constraints for table `category`
--
ALTER TABLE `category`
  ADD CONSTRAINT `category_ibfk_1` FOREIGN KEY (`created_by`) REFERENCES `user` (`username`),
  ADD CONSTRAINT `category_ibfk_2` FOREIGN KEY (`last_updated_by`) REFERENCES `user` (`username`);

--
-- Constraints for table `flagged_questions`
--
ALTER TABLE `flagged_questions`
  ADD CONSTRAINT `flagged_questions_ibfk_1` FOREIGN KEY (`flagged_by_user`) REFERENCES `user` (`username`),
  ADD CONSTRAINT `flagged_questions_ibfk_2` FOREIGN KEY (`question_id`) REFERENCES `question` (`question_id`);

--
-- Constraints for table `question`
--
ALTER TABLE `question`
  ADD CONSTRAINT `question_ibfk_1` FOREIGN KEY (`quiz_id`) REFERENCES `quiz` (`quiz_id`),
  ADD CONSTRAINT `question_ibfk_2` FOREIGN KEY (`created_by`) REFERENCES `user` (`username`),
  ADD CONSTRAINT `question_ibfk_3` FOREIGN KEY (`last_updated_by`) REFERENCES `user` (`username`);

--
-- Constraints for table `question_review_history`
--
ALTER TABLE `question_review_history`
  ADD CONSTRAINT `question_review_history_ibfk_1` FOREIGN KEY (`question_id`) REFERENCES `question` (`question_id`),
  ADD CONSTRAINT `question_review_history_ibfk_2` FOREIGN KEY (`reviewed_by`) REFERENCES `user` (`username`);

--
-- Constraints for table `quiz`
--
ALTER TABLE `quiz`
  ADD CONSTRAINT `quiz_ibfk_1` FOREIGN KEY (`category_id`) REFERENCES `category` (`category_id`),
  ADD CONSTRAINT `quiz_ibfk_2` FOREIGN KEY (`created_by`) REFERENCES `user` (`username`),
  ADD CONSTRAINT `quiz_ibfk_3` FOREIGN KEY (`last_updated_by`) REFERENCES `user` (`username`);

--
-- Constraints for table `user_profile`
--
ALTER TABLE `user_profile`
  ADD CONSTRAINT `user_profile_ibfk_1` FOREIGN KEY (`last_updated_by`) REFERENCES `user` (`username`);

--
-- Constraints for table `votes`
--
ALTER TABLE `votes`
  ADD CONSTRAINT `votes_ibfk_1` FOREIGN KEY (`question_id`) REFERENCES `question` (`question_id`),
  ADD CONSTRAINT `votes_ibfk_2` FOREIGN KEY (`username`) REFERENCES `user` (`username`);

/*!40101 SET CHARACTER_SET_CLIENT=@OLD_CHARACTER_SET_CLIENT */;
/*!40101 SET CHARACTER_SET_RESULTS=@OLD_CHARACTER_SET_RESULTS */;
/*!40101 SET COLLATION_CONNECTION=@OLD_COLLATION_CONNECTION */;

GRANT ALL PRIVILEGES ON pharm_genius.* To 'pharm_genius'@'localhost' IDENTIFIED BY 'QuizGameDB1';